image_id,image_path,identity_id,source
local_musk1,data/benchmark/images/local_musk1.jpg,musk1,local_raw
local_face2,data/benchmark/images/local_face2.jpg,face2,local_raw
local_face3,data/benchmark/images/local_face3.jpg,face3,local_raw
lfw_AJ_Cook_0001,data/benchmark/images/lfw_AJ_Cook_0001.jpg,AJ_Cook,lfw
lfw_AJ_Lamas_0001,data/benchmark/images/lfw_AJ_Lamas_0001.jpg,AJ_Lamas,lfw
lfw_Aaron_Eckhart_0001,data/benchmark/images/lfw_Aaron_Eckhart_0001.jpg,Aaron_Eckhart,lfw
lfw_Aaron_Guiel_0001,data/benchmark/images/lfw_Aaron_Guiel_0001.jpg,Aaron_Guiel,lfw
lfw_Aaron_Patterson_0001,data/benchmark/images/lfw_Aaron_Patterson_0001.jpg,Aaron_Patterson,lfw
lfw_Aaron_Peirsol_0001,data/benchmark/images/lfw_Aaron_Peirsol_0001.jpg,Aaron_Peirsol,lfw
lfw_Aaron_Pena_0001,data/benchmark/images/lfw_Aaron_Pena_0001.jpg,Aaron_Pena,lfw
lfw_Aaron_Sorkin_0001,data/benchmark/images/lfw_Aaron_Sorkin_0001.jpg,Aaron_Sorkin,lfw
lfw_Aaron_Tippin_0001,data/benchmark/images/lfw_Aaron_Tippin_0001.jpg,Aaron_Tippin,lfw
lfw_Abba_Eban_0001,data/benchmark/images/lfw_Abba_Eban_0001.jpg,Abba_Eban,lfw
lfw_Abbas_Kiarostami_0001,data/benchmark/images/lfw_Abbas_Kiarostami_0001.jpg,Abbas_Kiarostami,lfw
lfw_Abdel_Aziz_Al-Hakim_0001,data/benchmark/images/lfw_Abdel_Aziz_Al-Hakim_0001.jpg,Abdel_Aziz_Al-Hakim,lfw
lfw_Abdel_Madi_Shabneh_0001,data/benchmark/images/lfw_Abdel_Madi_Shabneh_0001.jpg,Abdel_Madi_Shabneh,lfw
lfw_Abdel_Nasser_Assidi_0001,data/benchmark/images/lfw_Abdel_Nasser_Assidi_0001.jpg,Abdel_Nasser_Assidi,lfw
lfw_Abdoulaye_Wade_0001,data/benchmark/images/lfw_Abdoulaye_Wade_0001.jpg,Abdoulaye_Wade,lfw
lfw_Abdul_Majeed_Shobokshi_0001,data/benchmark/images/lfw_Abdul_Majeed_Shobokshi_0001.jpg,Abdul_Majeed_Shobokshi,lfw
lfw_Abdul_Rahman_0001,data/benchmark/images/lfw_Abdul_Rahman_0001.jpg,Abdul_Rahman,lfw
lfw_Abdulaziz_Kamilov_0001,data/benchmark/images/lfw_Abdulaziz_Kamilov_0001.jpg,Abdulaziz_Kamilov,lfw
lfw_Abdullah_0001,data/benchmark/images/lfw_Abdullah_0001.jpg,Abdullah,lfw
lfw_Abdullah_Ahmad_Badawi_0001,data/benchmark/images/lfw_Abdullah_Ahmad_Badawi_0001.jpg,Abdullah_Ahmad_Badawi,lfw
lfw_Abdullah_Gul_0001,data/benchmark/images/lfw_Abdullah_Gul_0001.jpg,Abdullah_Gul,lfw
lfw_Abdullah_Nasseef_0001,data/benchmark/images/lfw_Abdullah_Nasseef_0001.jpg,Abdullah_Nasseef,lfw
lfw_Abdullah_al-Attiyah_0001,data/benchmark/images/lfw_Abdullah_al-Attiyah_0001.jpg,Abdullah_al-Attiyah,lfw
lfw_Abdullatif_Sener_0001,data/benchmark/images/lfw_Abdullatif_Sener_0001.jpg,Abdullatif_Sener,lfw
lfw_Abel_Aguilar_0001,data/benchmark/images/lfw_Abel_Aguilar_0001.jpg,Abel_Aguilar,lfw
lfw_Abel_Pacheco_0001,data/benchmark/images/lfw_Abel_Pacheco_0001.jpg,Abel_Pacheco,lfw
lfw_Abid_Hamid_Mahmud_Al-Tikriti_0001,data/benchmark/images/lfw_Abid_Hamid_Mahmud_Al-Tikriti_0001.jpg,Abid_Hamid_Mahmud_Al-Tikriti,lfw
lfw_Abner_Martinez_0001,data/benchmark/images/lfw_Abner_Martinez_0001.jpg,Abner_Martinez,lfw
lfw_Abraham_Foxman_0001,data/benchmark/images/lfw_Abraham_Foxman_0001.jpg,Abraham_Foxman,lfw
lfw_Aby_Har-Even_0001,data/benchmark/images/lfw_Aby_Har-Even_0001.jpg,Aby_Har-Even,lfw
lfw_Adam_Ant_0001,data/benchmark/images/lfw_Adam_Ant_0001.jpg,Adam_Ant,lfw
lfw_Adam_Freier_0001,data/benchmark/images/lfw_Adam_Freier_0001.jpg,Adam_Freier,lfw
lfw_Adam_Herbert_0001,data/benchmark/images/lfw_Adam_Herbert_0001.jpg,Adam_Herbert,lfw
lfw_Adam_Kennedy_0001,data/benchmark/images/lfw_Adam_Kennedy_0001.jpg,Adam_Kennedy,lfw
lfw_Adam_Mair_0001,data/benchmark/images/lfw_Adam_Mair_0001.jpg,Adam_Mair,lfw
lfw_Adam_Rich_0001,data/benchmark/images/lfw_Adam_Rich_0001.jpg,Adam_Rich,lfw
lfw_Adam_Sandler_0001,data/benchmark/images/lfw_Adam_Sandler_0001.jpg,Adam_Sandler,lfw
lfw_Adam_Scott_0001,data/benchmark/images/lfw_Adam_Scott_0001.jpg,Adam_Scott,lfw
lfw_Adel_Al-Jubeir_0001,data/benchmark/images/lfw_Adel_Al-Jubeir_0001.jpg,Adel_Al-Jubeir,lfw
lfw_Adelina_Avila_0001,data/benchmark/images/lfw_Adelina_Avila_0001.jpg,Adelina_Avila,lfw
lfw_Adisai_Bodharamik_0001,data/benchmark/images/lfw_Adisai_Bodharamik_0001.jpg,Adisai_Bodharamik,lfw
lfw_Adolfo_Aguilar_Zinser_0001,data/benchmark/images/lfw_Adolfo_Aguilar_Zinser_0001.jpg,Adolfo_Aguilar_Zinser,lfw
lfw_Adolfo_Rodriguez_Saa_0001,data/benchmark/images/lfw_Adolfo_Rodriguez_Saa_0001.jpg,Adolfo_Rodriguez_Saa,lfw
lfw_Adoor_Gopalakarishnan_0001,data/benchmark/images/lfw_Adoor_Gopalakarishnan_0001.jpg,Adoor_Gopalakarishnan,lfw
lfw_Adrian_Annus_0001,data/benchmark/images/lfw_Adrian_Annus_0001.jpg,Adrian_Annus,lfw
lfw_Adrian_Fernandez_0001,data/benchmark/images/lfw_Adrian_Fernandez_0001.jpg,Adrian_Fernandez,lfw
lfw_Adrian_McPherson_0001,data/benchmark/images/lfw_Adrian_McPherson_0001.jpg,Adrian_McPherson,lfw
lfw_Adrian_Murrell_0001,data/benchmark/images/lfw_Adrian_Murrell_0001.jpg,Adrian_Murrell,lfw
lfw_Adrian_Nastase_0001,data/benchmark/images/lfw_Adrian_Nastase_0001.jpg,Adrian_Nastase,lfw
lfw_Adriana_Lima_0001,data/benchmark/images/lfw_Adriana_Lima_0001.jpg,Adriana_Lima,lfw
lfw_Adriana_Perez_Navarro_0001,data/benchmark/images/lfw_Adriana_Perez_Navarro_0001.jpg,Adriana_Perez_Navarro,lfw
lfw_Adrianna_Zuzic_0001,data/benchmark/images/lfw_Adrianna_Zuzic_0001.jpg,Adrianna_Zuzic,lfw
lfw_Adrien_Brody_0001,data/benchmark/images/lfw_Adrien_Brody_0001.jpg,Adrien_Brody,lfw
lfw_Afton_Smith_0001,data/benchmark/images/lfw_Afton_Smith_0001.jpg,Afton_Smith,lfw
lfw_Agbani_Darego_0001,data/benchmark/images/lfw_Agbani_Darego_0001.jpg,Agbani_Darego,lfw
lfw_Agnelo_Queiroz_0001,data/benchmark/images/lfw_Agnelo_Queiroz_0001.jpg,Agnelo_Queiroz,lfw
lfw_Agnes_Bruckner_0001,data/benchmark/images/lfw_Agnes_Bruckner_0001.jpg,Agnes_Bruckner,lfw
lfw_Ahmad_Jbarah_0001,data/benchmark/images/lfw_Ahmad_Jbarah_0001.jpg,Ahmad_Jbarah,lfw
lfw_Ahmad_Masood_0001,data/benchmark/images/lfw_Ahmad_Masood_0001.jpg,Ahmad_Masood,lfw
lfw_Ahmed_Ahmed_0001,data/benchmark/images/lfw_Ahmed_Ahmed_0001.jpg,Ahmed_Ahmed,lfw
lfw_Ahmed_Chalabi_0001,data/benchmark/images/lfw_Ahmed_Chalabi_0001.jpg,Ahmed_Chalabi,lfw
lfw_Ahmed_Ghazi_0001,data/benchmark/images/lfw_Ahmed_Ghazi_0001.jpg,Ahmed_Ghazi,lfw
lfw_Ahmed_Ibrahim_Bilal_0001,data/benchmark/images/lfw_Ahmed_Ibrahim_Bilal_0001.jpg,Ahmed_Ibrahim_Bilal,lfw
lfw_Ahmed_Lopez_0001,data/benchmark/images/lfw_Ahmed_Lopez_0001.jpg,Ahmed_Lopez,lfw
lfw_Ahmed_Qureia_0001,data/benchmark/images/lfw_Ahmed_Qureia_0001.jpg,Ahmed_Qureia,lfw
lfw_Ahmet_Demir_0001,data/benchmark/images/lfw_Ahmet_Demir_0001.jpg,Ahmet_Demir,lfw
lfw_Ahmet_Necdet_Sezer_0001,data/benchmark/images/lfw_Ahmet_Necdet_Sezer_0001.jpg,Ahmet_Necdet_Sezer,lfw
lfw_Ai_Sugiyama_0001,data/benchmark/images/lfw_Ai_Sugiyama_0001.jpg,Ai_Sugiyama,lfw
lfw_Aicha_El_Ouafi_0001,data/benchmark/images/lfw_Aicha_El_Ouafi_0001.jpg,Aicha_El_Ouafi,lfw
lfw_Aidan_Quinn_0001,data/benchmark/images/lfw_Aidan_Quinn_0001.jpg,Aidan_Quinn,lfw
lfw_Aileen_Riggin_Soule_0001,data/benchmark/images/lfw_Aileen_Riggin_Soule_0001.jpg,Aileen_Riggin_Soule,lfw
lfw_Ain_Seppik_0001,data/benchmark/images/lfw_Ain_Seppik_0001.jpg,Ain_Seppik,lfw
lfw_Ainsworth_Dyer_0001,data/benchmark/images/lfw_Ainsworth_Dyer_0001.jpg,Ainsworth_Dyer,lfw
lfw_Aishwarya_Rai_0001,data/benchmark/images/lfw_Aishwarya_Rai_0001.jpg,Aishwarya_Rai,lfw
lfw_Aitor_Gonzalez_0001,data/benchmark/images/lfw_Aitor_Gonzalez_0001.jpg,Aitor_Gonzalez,lfw
lfw_Aiysha_Smith_0001,data/benchmark/images/lfw_Aiysha_Smith_0001.jpg,Aiysha_Smith,lfw
lfw_Ajit_Agarkar_0001,data/benchmark/images/lfw_Ajit_Agarkar_0001.jpg,Ajit_Agarkar,lfw
lfw_Akbar_Al_Baker_0001,data/benchmark/images/lfw_Akbar_Al_Baker_0001.jpg,Akbar_Al_Baker,lfw
lfw_Akbar_Hashemi_Rafsanjani_0001,data/benchmark/images/lfw_Akbar_Hashemi_Rafsanjani_0001.jpg,Akbar_Hashemi_Rafsanjani,lfw
lfw_Akhmed_Zakayev_0001,data/benchmark/images/lfw_Akhmed_Zakayev_0001.jpg,Akhmed_Zakayev,lfw
lfw_Akiko_Morigami_0001,data/benchmark/images/lfw_Akiko_Morigami_0001.jpg,Akiko_Morigami,lfw
lfw_Akmal_Taher_0001,data/benchmark/images/lfw_Akmal_Taher_0001.jpg,Akmal_Taher,lfw
lfw_Al_Cardenas_0001,data/benchmark/images/lfw_Al_Cardenas_0001.jpg,Al_Cardenas,lfw
lfw_Al_Davis_0001,data/benchmark/images/lfw_Al_Davis_0001.jpg,Al_Davis,lfw
lfw_Al_Gore_0001,data/benchmark/images/lfw_Al_Gore_0001.jpg,Al_Gore,lfw
lfw_Al_Leiter_0001,data/benchmark/images/lfw_Al_Leiter_0001.jpg,Al_Leiter,lfw
lfw_Al_Pacino_0001,data/benchmark/images/lfw_Al_Pacino_0001.jpg,Al_Pacino,lfw
lfw_Al_Sharpton_0001,data/benchmark/images/lfw_Al_Sharpton_0001.jpg,Al_Sharpton,lfw
lfw_Alain_Cervantes_0001,data/benchmark/images/lfw_Alain_Cervantes_0001.jpg,Alain_Cervantes,lfw
lfw_Alain_Ducasse_0001,data/benchmark/images/lfw_Alain_Ducasse_0001.jpg,Alain_Ducasse,lfw
lfw_Alan_Ball_0001,data/benchmark/images/lfw_Alan_Ball_0001.jpg,Alan_Ball,lfw
lfw_Alan_Dershowitz_0001,data/benchmark/images/lfw_Alan_Dershowitz_0001.jpg,Alan_Dershowitz,lfw
lfw_Alan_Dreher_0001,data/benchmark/images/lfw_Alan_Dreher_0001.jpg,Alan_Dreher,lfw
lfw_Alan_Greenspan_0001,data/benchmark/images/lfw_Alan_Greenspan_0001.jpg,Alan_Greenspan,lfw
lfw_Alan_Greer_0001,data/benchmark/images/lfw_Alan_Greer_0001.jpg,Alan_Greer,lfw
lfw_Alan_Jackson_0001,data/benchmark/images/lfw_Alan_Jackson_0001.jpg,Alan_Jackson,lfw
lfw_Alan_Mulally_0001,data/benchmark/images/lfw_Alan_Mulally_0001.jpg,Alan_Mulally,lfw
lfw_Alan_Stonecipher_0001,data/benchmark/images/lfw_Alan_Stonecipher_0001.jpg,Alan_Stonecipher,lfw
lfw_Alan_Tang_Kwong-wing_0001,data/benchmark/images/lfw_Alan_Tang_Kwong-wing_0001.jpg,Alan_Tang_Kwong-wing,lfw
lfw_Alan_Trammell_0001,data/benchmark/images/lfw_Alan_Trammell_0001.jpg,Alan_Trammell,lfw
lfw_Alan_Zemaitis_0001,data/benchmark/images/lfw_Alan_Zemaitis_0001.jpg,Alan_Zemaitis,lfw
lfw_Alanis_Morissette_0001,data/benchmark/images/lfw_Alanis_Morissette_0001.jpg,Alanis_Morissette,lfw
lfw_Alanna_Ubach_0001,data/benchmark/images/lfw_Alanna_Ubach_0001.jpg,Alanna_Ubach,lfw
lfw_Alastair_Campbell_0001,data/benchmark/images/lfw_Alastair_Campbell_0001.jpg,Alastair_Campbell,lfw
lfw_Alastair_Johnston_0001,data/benchmark/images/lfw_Alastair_Johnston_0001.jpg,Alastair_Johnston,lfw
lfw_Albaro_Recoba_0001,data/benchmark/images/lfw_Albaro_Recoba_0001.jpg,Albaro_Recoba,lfw
lfw_Albert_Brooks_0001,data/benchmark/images/lfw_Albert_Brooks_0001.jpg,Albert_Brooks,lfw
lfw_Albert_Costa_0001,data/benchmark/images/lfw_Albert_Costa_0001.jpg,Albert_Costa,lfw
lfw_Albert_Montanes_0001,data/benchmark/images/lfw_Albert_Montanes_0001.jpg,Albert_Montanes,lfw
lfw_Albert_Pujols_0001,data/benchmark/images/lfw_Albert_Pujols_0001.jpg,Albert_Pujols,lfw
lfw_Alberta_Lee_0001,data/benchmark/images/lfw_Alberta_Lee_0001.jpg,Alberta_Lee,lfw
lfw_Alberto_Acosta_0001,data/benchmark/images/lfw_Alberto_Acosta_0001.jpg,Alberto_Acosta,lfw
lfw_Alberto_Fujimori_0001,data/benchmark/images/lfw_Alberto_Fujimori_0001.jpg,Alberto_Fujimori,lfw
lfw_Alberto_Gonzales_0001,data/benchmark/images/lfw_Alberto_Gonzales_0001.jpg,Alberto_Gonzales,lfw
lfw_Alberto_Ruiz_Gallardon_0001,data/benchmark/images/lfw_Alberto_Ruiz_Gallardon_0001.jpg,Alberto_Ruiz_Gallardon,lfw
lfw_Alberto_Sordi_0001,data/benchmark/images/lfw_Alberto_Sordi_0001.jpg,Alberto_Sordi,lfw
lfw_Albrecht_Mentz_0001,data/benchmark/images/lfw_Albrecht_Mentz_0001.jpg,Albrecht_Mentz,lfw
lfw_Aldo_Paredes_0001,data/benchmark/images/lfw_Aldo_Paredes_0001.jpg,Aldo_Paredes,lfw
lfw_Alec_Baldwin_0001,data/benchmark/images/lfw_Alec_Baldwin_0001.jpg,Alec_Baldwin,lfw
lfw_Alecos_Markides_0001,data/benchmark/images/lfw_Alecos_Markides_0001.jpg,Alecos_Markides,lfw
lfw_Alejandro_Atchugarry_0001,data/benchmark/images/lfw_Alejandro_Atchugarry_0001.jpg,Alejandro_Atchugarry,lfw
lfw_Alejandro_Avila_0001,data/benchmark/images/lfw_Alejandro_Avila_0001.jpg,Alejandro_Avila,lfw
lfw_Alejandro_Fernandez_0001,data/benchmark/images/lfw_Alejandro_Fernandez_0001.jpg,Alejandro_Fernandez,lfw
lfw_Alejandro_Gonzalez_Inarritu_0001,data/benchmark/images/lfw_Alejandro_Gonzalez_Inarritu_0001.jpg,Alejandro_Gonzalez_Inarritu,lfw
lfw_Alejandro_Lembo_0001,data/benchmark/images/lfw_Alejandro_Lembo_0001.jpg,Alejandro_Lembo,lfw
lfw_Alejandro_Lerner_0001,data/benchmark/images/lfw_Alejandro_Lerner_0001.jpg,Alejandro_Lerner,lfw
lfw_Alejandro_Lopez_0001,data/benchmark/images/lfw_Alejandro_Lopez_0001.jpg,Alejandro_Lopez,lfw
lfw_Alejandro_Toledo_0001,data/benchmark/images/lfw_Alejandro_Toledo_0001.jpg,Alejandro_Toledo,lfw
lfw_Alek_Wek_0001,data/benchmark/images/lfw_Alek_Wek_0001.jpg,Alek_Wek,lfw
lfw_Aleksander_Kwasniewski_0001,data/benchmark/images/lfw_Aleksander_Kwasniewski_0001.jpg,Aleksander_Kwasniewski,lfw
lfw_Aleksander_Voloshin_0001,data/benchmark/images/lfw_Aleksander_Voloshin_0001.jpg,Aleksander_Voloshin,lfw
lfw_Alessandra_Cerna_0001,data/benchmark/images/lfw_Alessandra_Cerna_0001.jpg,Alessandra_Cerna,lfw
lfw_Alessandro_Nesta_0001,data/benchmark/images/lfw_Alessandro_Nesta_0001.jpg,Alessandro_Nesta,lfw
lfw_Alex_Barros_0001,data/benchmark/images/lfw_Alex_Barros_0001.jpg,Alex_Barros,lfw
lfw_Alex_Cabrera_0001,data/benchmark/images/lfw_Alex_Cabrera_0001.jpg,Alex_Cabrera,lfw
lfw_Alex_Cejka_0001,data/benchmark/images/lfw_Alex_Cejka_0001.jpg,Alex_Cejka,lfw
lfw_Alex_Corretja_0001,data/benchmark/images/lfw_Alex_Corretja_0001.jpg,Alex_Corretja,lfw
lfw_Alex_Ferguson_0001,data/benchmark/images/lfw_Alex_Ferguson_0001.jpg,Alex_Ferguson,lfw
lfw_Alex_Gonzalez_0001,data/benchmark/images/lfw_Alex_Gonzalez_0001.jpg,Alex_Gonzalez,lfw
lfw_Alex_Holmes_0001,data/benchmark/images/lfw_Alex_Holmes_0001.jpg,Alex_Holmes,lfw
lfw_Alex_King_0001,data/benchmark/images/lfw_Alex_King_0001.jpg,Alex_King,lfw
lfw_Alex_Penelas_0001,data/benchmark/images/lfw_Alex_Penelas_0001.jpg,Alex_Penelas,lfw
lfw_Alex_Popov_0001,data/benchmark/images/lfw_Alex_Popov_0001.jpg,Alex_Popov,lfw
lfw_Alex_Sink_0001,data/benchmark/images/lfw_Alex_Sink_0001.jpg,Alex_Sink,lfw
lfw_Alex_Wallau_0001,data/benchmark/images/lfw_Alex_Wallau_0001.jpg,Alex_Wallau,lfw
lfw_Alex_Zanardi_0001,data/benchmark/images/lfw_Alex_Zanardi_0001.jpg,Alex_Zanardi,lfw
lfw_Alexa_Loren_0001,data/benchmark/images/lfw_Alexa_Loren_0001.jpg,Alexa_Loren,lfw
lfw_Alexa_Vega_0001,data/benchmark/images/lfw_Alexa_Vega_0001.jpg,Alexa_Vega,lfw
lfw_Alexander_Downer_0001,data/benchmark/images/lfw_Alexander_Downer_0001.jpg,Alexander_Downer,lfw
lfw_Alexander_Losyukov_0001,data/benchmark/images/lfw_Alexander_Losyukov_0001.jpg,Alexander_Losyukov,lfw
lfw_Alexander_Lukashenko_0001,data/benchmark/images/lfw_Alexander_Lukashenko_0001.jpg,Alexander_Lukashenko,lfw
lfw_Alexander_Payne_0001,data/benchmark/images/lfw_Alexander_Payne_0001.jpg,Alexander_Payne,lfw
lfw_Alexander_Rumyantsev_0001,data/benchmark/images/lfw_Alexander_Rumyantsev_0001.jpg,Alexander_Rumyantsev,lfw
lfw_Alexandra_Jackson_0001,data/benchmark/images/lfw_Alexandra_Jackson_0001.jpg,Alexandra_Jackson,lfw
lfw_Alexandra_Pelosi_0001,data/benchmark/images/lfw_Alexandra_Pelosi_0001.jpg,Alexandra_Pelosi,lfw
lfw_Alexandra_Rozovskaya_0001,data/benchmark/images/lfw_Alexandra_Rozovskaya_0001.jpg,Alexandra_Rozovskaya,lfw
lfw_Alexandra_Spann_0001,data/benchmark/images/lfw_Alexandra_Spann_0001.jpg,Alexandra_Spann,lfw
lfw_Alexandra_Stevenson_0001,data/benchmark/images/lfw_Alexandra_Stevenson_0001.jpg,Alexandra_Stevenson,lfw
lfw_Alexandra_Vodjanikova_0001,data/benchmark/images/lfw_Alexandra_Vodjanikova_0001.jpg,Alexandra_Vodjanikova,lfw
lfw_Alexandre_Daigle_0001,data/benchmark/images/lfw_Alexandre_Daigle_0001.jpg,Alexandre_Daigle,lfw
lfw_Alexandre_Despatie_0001,data/benchmark/images/lfw_Alexandre_Despatie_0001.jpg,Alexandre_Despatie,lfw
lfw_Alexandre_Herchcovitch_0001,data/benchmark/images/lfw_Alexandre_Herchcovitch_0001.jpg,Alexandre_Herchcovitch,lfw
lfw_Alexandre_Vinokourov_0001,data/benchmark/images/lfw_Alexandre_Vinokourov_0001.jpg,Alexandre_Vinokourov,lfw
lfw_Alexis_Bledel_0001,data/benchmark/images/lfw_Alexis_Bledel_0001.jpg,Alexis_Bledel,lfw
lfw_Alexis_Dennisoff_0001,data/benchmark/images/lfw_Alexis_Dennisoff_0001.jpg,Alexis_Dennisoff,lfw
lfw_Alfonso_Cuaron_0001,data/benchmark/images/lfw_Alfonso_Cuaron_0001.jpg,Alfonso_Cuaron,lfw
lfw_Alfonso_Portillo_0001,data/benchmark/images/lfw_Alfonso_Portillo_0001.jpg,Alfonso_Portillo,lfw
lfw_Alfonso_Soriano_0001,data/benchmark/images/lfw_Alfonso_Soriano_0001.jpg,Alfonso_Soriano,lfw
lfw_Alfred_Ford_0001,data/benchmark/images/lfw_Alfred_Ford_0001.jpg,Alfred_Ford,lfw
lfw_Alfred_Sant_0001,data/benchmark/images/lfw_Alfred_Sant_0001.jpg,Alfred_Sant,lfw
lfw_Alfredo_Moreno_0001,data/benchmark/images/lfw_Alfredo_Moreno_0001.jpg,Alfredo_Moreno,lfw
lfw_Alfredo_Pena_0001,data/benchmark/images/lfw_Alfredo_Pena_0001.jpg,Alfredo_Pena,lfw
lfw_Alfredo_di_Stefano_0001,data/benchmark/images/lfw_Alfredo_di_Stefano_0001.jpg,Alfredo_di_Stefano,lfw
lfw_Ali_Abbas_0001,data/benchmark/images/lfw_Ali_Abbas_0001.jpg,Ali_Abbas,lfw
lfw_Ali_Abdullah_Saleh_0001,data/benchmark/images/lfw_Ali_Abdullah_Saleh_0001.jpg,Ali_Abdullah_Saleh,lfw
lfw_Ali_Adbul_Karim_Madani_0001,data/benchmark/images/lfw_Ali_Adbul_Karim_Madani_0001.jpg,Ali_Adbul_Karim_Madani,lfw
lfw_Ali_Ahmeti_0001,data/benchmark/images/lfw_Ali_Ahmeti_0001.jpg,Ali_Ahmeti,lfw
lfw_Ali_Bin_Hussein_0001,data/benchmark/images/lfw_Ali_Bin_Hussein_0001.jpg,Ali_Bin_Hussein,lfw
lfw_Ali_Fallahian_0001,data/benchmark/images/lfw_Ali_Fallahian_0001.jpg,Ali_Fallahian,lfw
lfw_Ali_Hammoud_0001,data/benchmark/images/lfw_Ali_Hammoud_0001.jpg,Ali_Hammoud,lfw
lfw_Ali_Khamenei_0001,data/benchmark/images/lfw_Ali_Khamenei_0001.jpg,Ali_Khamenei,lfw
lfw_Ali_Mohammed_Maher_0001,data/benchmark/images/lfw_Ali_Mohammed_Maher_0001.jpg,Ali_Mohammed_Maher,lfw
lfw_Ali_Naimi_0001,data/benchmark/images/lfw_Ali_Naimi_0001.jpg,Ali_Naimi,lfw
lfw_Alice_Fisher_0001,data/benchmark/images/lfw_Alice_Fisher_0001.jpg,Alice_Fisher,lfw
lfw_Alicia_Hollowell_0001,data/benchmark/images/lfw_Alicia_Hollowell_0001.jpg,Alicia_Hollowell,lfw
lfw_Alicia_Keys_0001,data/benchmark/images/lfw_Alicia_Keys_0001.jpg,Alicia_Keys,lfw
lfw_Alicia_Molik_0001,data/benchmark/images/lfw_Alicia_Molik_0001.jpg,Alicia_Molik,lfw
lfw_Alicia_Silverstone_0001,data/benchmark/images/lfw_Alicia_Silverstone_0001.jpg,Alicia_Silverstone,lfw
lfw_Alicia_Witt_0001,data/benchmark/images/lfw_Alicia_Witt_0001.jpg,Alicia_Witt,lfw
lfw_Alimzhan_Tokhtakhounov_0001,data/benchmark/images/lfw_Alimzhan_Tokhtakhounov_0001.jpg,Alimzhan_Tokhtakhounov,lfw
lfw_Alina_Kabaeva_0001,data/benchmark/images/lfw_Alina_Kabaeva_0001.jpg,Alina_Kabaeva,lfw
lfw_Aline_Chretien_0001,data/benchmark/images/lfw_Aline_Chretien_0001.jpg,Aline_Chretien,lfw
lfw_Alisha_Richman_0001,data/benchmark/images/lfw_Alisha_Richman_0001.jpg,Alisha_Richman,lfw
lfw_Alison_Krauss_0001,data/benchmark/images/lfw_Alison_Krauss_0001.jpg,Alison_Krauss,lfw
lfw_Alison_Lohman_0001,data/benchmark/images/lfw_Alison_Lohman_0001.jpg,Alison_Lohman,lfw
lfw_Alistair_MacDonald_0001,data/benchmark/images/lfw_Alistair_MacDonald_0001.jpg,Alistair_MacDonald,lfw
lfw_Allan_Houston_0001,data/benchmark/images/lfw_Allan_Houston_0001.jpg,Allan_Houston,lfw
