identity_id,attack,constraint,reference_image,probe_image,adversarial_image,configured_epsilon,steps,tv_weight,actual_linf_tensor,actual_linf_serialized,arcface_clean_cosine,arcface_adv_cosine,arcface_cosine_drop,arcface_threshold_crossing,facenet_clean_cosine,facenet_adv_cosine,facenet_cosine_drop,facenet_transfer_crossing,ssim,lpips,dists,mask_outside_delta_max,runtime_seconds,valid,failure_reason,method,actual_linf_serialized_rgb_01,actual_linf_serialized_rgb_255,arcface_asr,facenet_transfer_asr,linf_rgb255,l1_rgb255,mean_abs_rgb255,l2_rgb255,rms_rgb255,changed_pixel_count,changed_pixel_ratio,epsilon_saturation_element_ratio,changed_element_ratio,arcface_clean_margin,arcface_adv_margin,facenet_clean_margin,facenet_adv_margin,mask_coverage,mask_pixels,total_pixels,mask_source
Michelle_Collins,pgd_full,landmark_superpixel_mask,data/datasets/lfw/images/Michelle_Collins/Michelle_Collins_0001.jpg,data/datasets/lfw/images/Michelle_Collins/Michelle_Collins_0002.jpg,results/transfer/lfw_attack_dev_20_four_method_v3/pgd_landmark_superpixel_mask/adversarial_probes/Michelle_Collins_B_adv_pgd_mask.png,0.04,200,0.0,0.039999991772221584,0.043137254901960784,0.8272353410720825,-0.06417007744312286,0.8914054185152054,True,0.8860029578208923,0.6839303374290466,0.2020726203918457,False,0.9890331625938416,0.007716796826571226,0.010798931121826172,0.0,27.052603512000132,True,,PGD+Mask,0.043137254901960784,11,True,False,11,106577.0,0.5684106666666666,886.0795675333001,2.046313107355112,6665,0.10664,0.005066666666666666,0.10101866666666667,0.6865144073963165,-0.20489101111888888,0.4812138676643371,0.2791412472724914,0.109296,6831,62500,
Meryl_Streep,pgd_full,landmark_superpixel_mask,data/datasets/lfw/images/Meryl_Streep/Meryl_Streep_0001.jpg,data/datasets/lfw/images/Meryl_Streep/Meryl_Streep_0002.jpg,results/transfer/lfw_attack_dev_20_four_method_v3/pgd_landmark_superpixel_mask/adversarial_probes/Meryl_Streep_B_adv_pgd_mask.png,0.04,200,0.0,0.039999988032322305,0.043137254901960784,0.6620084047317505,0.12761609256267548,0.534392312169075,True,0.7972723245620728,0.6816092133522034,0.11566311120986938,False,0.9909998774528503,0.012157350778579712,0.005527913570404053,0.0,26.463627254999665,True,,PGD+Mask,0.043137254901960784,11,True,False,11,84310.0,0.44965333333333335,798.5712241246863,1.8442212448619064,5050,0.0808,0.004592,0.07680533333333334,0.5212874710559845,-0.013104841113090543,0.3924832344055175,0.27682012319564814,0.080944,5059,62500,
Jolanta_Kwasniewski,pgd_full,landmark_superpixel_mask,data/datasets/lfw/images/Jolanta_Kwasniewski/Jolanta_Kwasniewski_0001.jpg,data/datasets/lfw/images/Jolanta_Kwasniewski/Jolanta_Kwasniewski_0002.jpg,results/transfer/lfw_attack_dev_20_four_method_v3/pgd_landmark_superpixel_mask/adversarial_probes/Jolanta_Kwasniewski_B_adv_pgd_mask.png,0.04,200,0.0,0.039999991772221584,0.043137254901960784,0.5968929529190063,0.13717952370643616,0.4597134292125702,True,0.5368826389312744,0.5371330380439758,-0.000250399112701416,False,0.9872794151306152,0.0116208391264081,0.01832205057144165,0.0,26.178007456999694,True,,PGD+Mask,0.043137254901960784,11,True,False,11,116574.0,0.621728,939.9765954533124,2.1707829616676713,6923,0.110768,0.006581333333333333,0.10554133333333333,0.45617201924324036,-0.0035414099693298617,0.13209354877471918,0.1323439478874206,0.114128,7133,62500,
Dino_de_Laurentis,pgd_full,landmark_superpixel_mask,data/datasets/lfw/images/Dino_de_Laurentis/Dino_de_Laurentis_0001.jpg,data/datasets/lfw/images/Dino_de_Laurentis/Dino_de_Laurentis_0002.jpg,results/transfer/lfw_attack_dev_20_four_method_v3/pgd_landmark_superpixel_mask/adversarial_probes/Dino_de_Laurentis_B_adv_pgd_mask.png,0.04,200,0.0,0.039999988032322305,0.043137254901960784,0.7374234795570374,-0.057048920542001724,0.7944724000990391,True,0.8684400320053101,0.7830635905265808,0.08537644147872925,False,0.977942168712616,0.027286075055599213,0.04098927974700928,0.0,26.16898914000012,True,,PGD+Mask,0.043137254901960784,11,True,False,11,147135.0,0.78472,1033.0493695850164,2.3857253264643297,9323,0.149168,0.00656,0.14141333333333334,0.5967025458812714,-0.19776985421776774,0.4636509418487548,0.3782745003700256,0.150224,9389,62500,
Cyndi_Thompson,pgd_full,landmark_superpixel_mask,data/datasets/lfw/images/Cyndi_Thompson/Cyndi_Thompson_0001.jpg,data/datasets/lfw/images/Cyndi_Thompson/Cyndi_Thompson_0002.jpg,results/transfer/lfw_attack_dev_20_four_method_v3/pgd_landmark_superpixel_mask/adversarial_probes/Cyndi_Thompson_B_adv_pgd_mask.png,0.04,200,0.0,0.039999991772221584,0.043137254901960784,0.7405924797058105,-0.33908751606941223,1.0796799957752228,True,0.8153476119041443,0.4110643267631531,0.4042832851409912,False,0.9758827090263367,0.018712377175688744,0.027276575565338135,0.0,27.75900044899936,True,,PGD+Mask,0.043137254901960784,11,True,False,11,166105.0,0.8858933333333333,1062.1567680902851,2.452945983914036,11555,0.18488,0.005296,0.173712,0.5998715460300446,-0.4798084497451782,0.41055852174758906,0.006275236606597845,0.18808,11755,62500,
Jerry_Springer,pgd_full,landmark_superpixel_mask,data/datasets/lfw/images/Jerry_Springer/Jerry_Springer_0001.jpg,data/datasets/lfw/images/Jerry_Springer/Jerry_Springer_0002.jpg,results/transfer/lfw_attack_dev_20_four_method_v3/pgd_landmark_superpixel_mask/adversarial_probes/Jerry_Springer_B_adv_pgd_mask.png,0.04,200,0.0,0.039999988032322305,0.043137254901960784,0.6389724016189575,-0.25136953592300415,0.8903419375419617,True,0.7505053281784058,0.43035298585891724,0.3201523423194885,False,0.9860550761222839,0.015092778950929642,0.031658828258514404,0.0,25.999886884999796,True,,PGD+Mask,0.043137254901960784,11,True,False,11,109712.0,0.5851306666666667,891.8340652834472,2.059602550655506,6985,0.11176,0.004629333333333333,0.10570666666666667,0.49825146794319153,-0.39209046959877014,0.34571623802185053,0.025563895702362005,0.113728,7108,62500,
Richard_Myers,pgd_full,landmark_superpixel_mask,data/datasets/lfw/images/Richard_Myers/Richard_Myers_0001.jpg,data/datasets/lfw/images/Richard_Myers/Richard_Myers_0002.jpg,results/transfer/lfw_attack_dev_20_four_method_v3/pgd_landmark_superpixel_mask/adversarial_probes/Richard_Myers_B_adv_pgd_mask.png,0.04,200,0.0,0.039999991772221584,0.043137254901960784,0.7263901829719543,0.05832667276263237,0.668063510209322,True,0.18642199039459229,0.046843696385622025,0.13957829400897026,False,0.9835425019264221,0.017988812178373337,0.024791598320007324,0.0,26.198140676999174,True,,PGD+Mask,0.043137254901960784,11,True,False,11,143195.0,0.7637066666666666,1051.2454518332054,2.4277473784010835,8371,0.133936,0.008885333333333334,0.12688533333333332,0.5856692492961884,-0.08239426091313365,-0.21836709976196295,-0.3579453937709332,0.13872,8670,62500,
Michel_Temer,pgd_full,landmark_superpixel_mask,data/datasets/lfw/images/Michel_Temer/Michel_Temer_0001.jpg,data/datasets/lfw/images/Michel_Temer/Michel_Temer_0002.jpg,results/transfer/lfw_attack_dev_20_four_method_v3/pgd_landmark_superpixel_mask/adversarial_probes/Michel_Temer_B_adv_pgd_mask.png,0.04,200,0.0,0.039999988032322305,0.043137254901960784,0.7098482847213745,-0.006770629435777664,0.7166189141571522,True,0.8404980301856995,0.5622703433036804,0.27822768688201904,False,0.9889066815376282,0.016071857884526253,0.011379778385162354,0.0,25.132736101000773,True,,PGD+Mask,0.043137254901960784,11,True,False,11,105662.0,0.5635306666666666,870.0862026259238,2.0093780132170256,6765,0.10824,0.00368,0.10256,0.5691273510456085,-0.14749156311154368,0.43570894002914423,0.1574812531471252,0.109552,6847,62500,
Christine_Baumgartner,pgd_full,landmark_superpixel_mask,data/datasets/lfw/images/Christine_Baumgartner/Christine_Baumgartner_0001.jpg,data/datasets/lfw/images/Christine_Baumgartner/Christine_Baumgartner_0002.jpg,results/transfer/lfw_attack_dev_20_four_method_v3/pgd_landmark_superpixel_mask/adversarial_probes/Christine_Baumgartner_B_adv_pgd_mask.png,0.04,200,0.0,0.039999988032322305,0.043137254901960784,0.554856538772583,-0.0641561970114708,0.6190127357840538,True,0.5797066688537598,0.3488974869251251,0.23080918192863464,True,0.9849061369895935,0.021137379109859467,0.018947184085845947,0.0,29.268963047999932,True,,PGD+Mask,0.043137254901960784,11,True,True,11,121008.0,0.645376,929.2954320343988,2.146115871366999,7782,0.124512,0.004368,0.118016,0.414135605096817,-0.2048771306872368,0.17491757869720453,-0.05589160323143011,0.12608,7880,62500,
Angela_Lansbury,pgd_full,landmark_superpixel_mask,data/datasets/lfw/images/Angela_Lansbury/Angela_Lansbury_0001.jpg,data/datasets/lfw/images/Angela_Lansbury/Angela_Lansbury_0002.jpg,results/transfer/lfw_attack_dev_20_four_method_v3/pgd_landmark_superpixel_mask/adversarial_probes/Angela_Lansbury_B_adv_pgd_mask.png,0.04,200,0.0,0.039999988032322305,0.043137254901960784,0.626961350440979,-0.12243783473968506,0.7493991851806641,True,0.793472409248352,0.6728007197380066,0.12067168951034546,False,0.9812636971473694,0.011085502803325653,0.020786404609680176,0.0,28.279697592999582,True,,PGD+Mask,0.043137254901960784,11,True,False,11,143490.0,0.76528,989.6716627245625,2.2855488035334823,9836,0.157376,0.0035626666666666667,0.147888,0.486240416765213,-0.26315876841545105,0.3886833190917968,0.26801162958145136,0.163264,10204,62500,
Justin_Timberlake,pgd_full,landmark_superpixel_mask,data/datasets/lfw/images/Justin_Timberlake/Justin_Timberlake_0001.jpg,data/datasets/lfw/images/Justin_Timberlake/Justin_Timberlake_0002.jpg,results/transfer/lfw_attack_dev_20_four_method_v3/pgd_landmark_superpixel_mask/adversarial_probes/Justin_Timberlake_B_adv_pgd_mask.png,0.04,200,0.0,0.039999991772221584,0.043137254901960784,0.6276103854179382,0.16676147282123566,0.4608489125967026,False,0.6584891080856323,0.36446306109428406,0.29402604699134827,True,0.9908983111381531,0.004657838959246874,0.0040798187255859375,0.0,29.5775127729994,True,,PGD+Mask,0.043137254901960784,11,False,True,11,91911.0,0.490192,866.3861725581728,2.0008331597945226,4852,0.077632,0.007626666666666667,0.074576,0.48688945174217224,0.026040539145469638,0.2537000179290771,-0.040326029062271174,0.079728,4983,62500,
Pierre_Pettigrew,pgd_full,landmark_superpixel_mask,data/datasets/lfw/images/Pierre_Pettigrew/Pierre_Pettigrew_0001.jpg,data/datasets/lfw/images/Pierre_Pettigrew/Pierre_Pettigrew_0002.jpg,results/transfer/lfw_attack_dev_20_four_method_v3/pgd_landmark_superpixel_mask/adversarial_probes/Pierre_Pettigrew_B_adv_pgd_mask.png,0.04,200,0.0,0.039999988032322305,0.043137254901960784,0.749657154083252,0.25195643305778503,0.4977007210254669,False,0.7142001986503601,0.5551881194114685,0.1590120792388916,False,0.98744136095047,0.00673331692814827,0.00443345308303833,0.0,28.520841388000918,True,,PGD+Mask,0.043137254901960784,11,False,False,11,110492.0,0.5892906666666666,927.8922351221612,2.142875326906973,6254,0.100064,0.006810666666666666,0.09585066666666667,0.608936220407486,0.11123549938201902,0.3094111084938049,0.15039902925491327,0.10008,6255,62500,
Maria_Shriver,pgd_full,landmark_superpixel_mask,data/datasets/lfw/images/Maria_Shriver/Maria_Shriver_0001.jpg,data/datasets/lfw/images/Maria_Shriver/Maria_Shriver_0002.jpg,results/transfer/lfw_attack_dev_20_four_method_v3/pgd_landmark_superpixel_mask/adversarial_probes/Maria_Shriver_B_adv_pgd_mask.png,0.04,200,0.0,0.039999991772221584,0.043137254901960784,0.5385941863059998,0.05690555274486542,0.48168863356113434,True,0.7045392394065857,0.37840980291366577,0.3261294364929199,True,0.9872462749481201,0.013056015595793724,0.011627554893493652,0.0,26.3722055240014,True,,PGD+Mask,0.043137254901960784,11,True,True,11,106892.0,0.5700906666666666,878.9323068359702,2.0298072158048246,6764,0.108224,0.003968,0.102608,0.39787325263023376,-0.0838153809309006,0.29975014925003046,-0.02637928724288946,0.118944,7434,62500,
Jorge_Rodolfo_Canicoba_Corral,pgd_full,landmark_superpixel_mask,data/datasets/lfw/images/Jorge_Rodolfo_Canicoba_Corral/Jorge_Rodolfo_Canicoba_Corral_0001.jpg,data/datasets/lfw/images/Jorge_Rodolfo_Canicoba_Corral/Jorge_Rodolfo_Canicoba_Corral_0002.jpg,results/transfer/lfw_attack_dev_20_four_method_v3/pgd_landmark_superpixel_mask/adversarial_probes/Jorge_Rodolfo_Canicoba_Corral_B_adv_pgd_mask.png,0.04,200,0.0,0.039999991772221584,0.043137254901960784,0.7425543665885925,0.169138565659523,0.5734158009290695,False,0.8170635104179382,0.6583926677703857,0.1586708426475525,False,0.9852060675621033,0.008078042417764664,0.010446429252624512,0.0,25.895459989998926,True,,PGD+Mask,0.043137254901960784,11,False,False,11,121172.0,0.6462506666666666,961.8159907175592,2.2212188846066776,7016,0.112256,0.005952,0.107632,0.6018334329128265,0.02841763198375699,0.412274420261383,0.2536035776138305,0.115904,7244,62500,
Sally_Kirkland,pgd_full,landmark_superpixel_mask,data/datasets/lfw/images/Sally_Kirkland/Sally_Kirkland_0001.jpg,data/datasets/lfw/images/Sally_Kirkland/Sally_Kirkland_0002.jpg,results/transfer/lfw_attack_dev_20_four_method_v3/pgd_landmark_superpixel_mask/adversarial_probes/Sally_Kirkland_B_adv_pgd_mask.png,0.04,200,0.0,0.039999991772221584,0.043137254901960784,0.597821056842804,0.06294713914394379,0.5348739176988602,True,0.7478806972503662,0.48474571108818054,0.26313498616218567,False,0.9874655604362488,0.017957797273993492,0.012289643287658691,0.0,26.25406867700076,True,,PGD+Mask,0.043137254901960784,11,True,False,11,89532.0,0.477504,801.7194022848643,1.851491650894849,5818,0.093088,0.0035626666666666667,0.08770133333333334,0.45710012316703796,-0.07777379453182223,0.343091607093811,0.07995662093162531,0.094416,5901,62500,
Patrick_McEnroe,pgd_full,landmark_superpixel_mask,data/datasets/lfw/images/Patrick_McEnroe/Patrick_McEnroe_0001.jpg,data/datasets/lfw/images/Patrick_McEnroe/Patrick_McEnroe_0002.jpg,results/transfer/lfw_attack_dev_20_four_method_v3/pgd_landmark_superpixel_mask/adversarial_probes/Patrick_McEnroe_B_adv_pgd_mask.png,0.04,200,0.0,0.039999991772221584,0.043137254901960784,0.562200129032135,0.017062978819012642,0.5451371502131224,True,0.5260361433029175,0.2062864750623703,0.3197496682405472,True,0.9815221428871155,0.01369489822536707,0.013867974281311035,0.0,27.940501152999786,True,,PGD+Mask,0.043137254901960784,11,True,True,11,129766.0,0.6920853333333333,974.2925638636477,2.2500322960645107,8120,0.12992,0.005824,0.12318933333333333,0.421479195356369,-0.12365795485675338,0.12124705314636225,-0.19850261509418493,0.132,8250,62500,
Paul_Bremer,pgd_full,landmark_superpixel_mask,data/datasets/lfw/images/Paul_Bremer/Paul_Bremer_0001.jpg,data/datasets/lfw/images/Paul_Bremer/Paul_Bremer_0002.jpg,results/transfer/lfw_attack_dev_20_four_method_v3/pgd_landmark_superpixel_mask/adversarial_probes/Paul_Bremer_B_adv_pgd_mask.png,0.04,200,0.0,0.039999991772221584,0.043137254901960784,0.7115238308906555,0.2225964367389679,0.4889273941516876,False,0.7105745673179626,0.5337051153182983,0.1768694519996643,False,0.9857754707336426,0.017332319170236588,0.01667255163192749,0.0,27.358114464999744,True,,PGD+Mask,0.043137254901960784,11,False,False,11,125986.0,0.6719253333333334,979.6295218091378,2.2623574724904403,7449,0.119184,0.0067413333333333336,0.11362133333333334,0.5708028972148895,0.08187550306320188,0.3057854771614074,0.1289160251617431,0.123056,7691,62500,
Junichiro_Koizumi,pgd_full,landmark_superpixel_mask,data/datasets/lfw/images/Junichiro_Koizumi/Junichiro_Koizumi_0001.jpg,data/datasets/lfw/images/Junichiro_Koizumi/Junichiro_Koizumi_0002.jpg,results/transfer/lfw_attack_dev_20_four_method_v3/pgd_landmark_superpixel_mask/adversarial_probes/Junichiro_Koizumi_B_adv_pgd_mask.png,0.04,200,0.0,0.039999988032322305,0.043137254901960784,0.7045557498931885,0.002901010448113084,0.7016547394450754,True,0.8772518038749695,0.48210281133651733,0.39514899253845215,False,0.9836869835853577,0.021280407905578613,0.028198659420013428,0.0,28.040485928000635,True,,PGD+Mask,0.043137254901960784,11,True,False,11,110435.0,0.5889866666666667,871.6885911838011,2.013078571077973,7464,0.119424,0.0028266666666666666,0.11297066666666666,0.5638348162174225,-0.13781992322765294,0.47246271371841425,0.0773137211799621,0.125488,7843,62500,
Jennifer_Rodriguez,pgd_full,landmark_superpixel_mask,data/datasets/lfw/images/Jennifer_Rodriguez/Jennifer_Rodriguez_0001.jpg,data/datasets/lfw/images/Jennifer_Rodriguez/Jennifer_Rodriguez_0002.jpg,results/transfer/lfw_attack_dev_20_four_method_v3/pgd_landmark_superpixel_mask/adversarial_probes/Jennifer_Rodriguez_B_adv_pgd_mask.png,0.04,200,0.0,0.039999991772221584,0.043137254901960784,0.5400700569152832,-0.02225811779499054,0.5623281747102737,True,0.6401137113571167,0.6105415225028992,0.02957218885421753,False,0.9847050309181213,0.005843516439199448,0.02439671754837036,0.0,25.554727321001337,True,,PGD+Mask,0.043137254901960784,11,True,False,11,132749.0,0.7079946666666667,940.7714919150134,2.172618696412235,9393,0.150288,0.0031466666666666665,0.14128533333333335,0.3993491232395172,-0.16297905147075656,0.23532462120056147,0.20575243234634394,0.162816,10176,62500,
Heizo_Takenaka,pgd_full,landmark_superpixel_mask,data/datasets/lfw/images/Heizo_Takenaka/Heizo_Takenaka_0001.jpg,data/datasets/lfw/images/Heizo_Takenaka/Heizo_Takenaka_0002.jpg,results/transfer/lfw_attack_dev_20_four_method_v3/pgd_landmark_superpixel_mask/adversarial_probes/Heizo_Takenaka_B_adv_pgd_mask.png,0.04,200,0.0,0.039999991772221584,0.043137254901960784,0.7201915383338928,0.012157061137259007,0.7080344771966338,True,0.9186526536941528,0.7516434788703918,0.167009174823761,False,0.9841346740722656,0.011562406085431576,0.018695294857025146,0.0,25.82584748299996,True,,PGD+Mask,0.043137254901960784,11,True,False,11,141893.0,0.7567626666666667,1026.0891774110084,2.3696514511632296,8804,0.140864,0.007162666666666667,0.13333333333333333,0.5794706046581268,-0.128563872538507,0.5138635635375977,0.3468543887138366,0.146336,9146,62500,
Michelle_Collins,mi_fgsm,landmark_superpixel_mask,data/datasets/lfw/images/Michelle_Collins/Michelle_Collins_0001.jpg,data/datasets/lfw/images/Michelle_Collins/Michelle_Collins_0002.jpg,results/transfer/lfw_attack_dev_20_four_method_v3/mi_fgsm_landmark_superpixel_mask/adversarial_probes/Michelle_Collins_B_adv_mi_fgsm_mask.png,0.04,200,0.0,0.039999991772221584,0.043137254901960784,0.8272353410720825,0.16773904860019684,0.6594962924718857,False,0.8860029578208923,0.7016016244888306,0.18440133333206177,False,0.9813084602355957,0.01688477396965027,0.01815849542617798,0.0,27.449833440001385,True,,MI-FGSM+Mask,0.043137254901960784,11,False,False,11,156143.0,0.8327626666666667,1205.8611031126263,2.7848169299494954,6671,0.106736,0.024981333333333335,0.10391466666666667,0.6865144073963165,0.02701811492443082,0.4812138676643371,0.29681253433227534,0.109296,6831,62500,"PGD+Mask persisted final_mask; MI-FGSM mask artifact not persisted, shared deterministic-constraint assumption"
Meryl_Streep,mi_fgsm,landmark_superpixel_mask,data/datasets/lfw/images/Meryl_Streep/Meryl_Streep_0001.jpg,data/datasets/lfw/images/Meryl_Streep/Meryl_Streep_0002.jpg,results/transfer/lfw_attack_dev_20_four_method_v3/mi_fgsm_landmark_superpixel_mask/adversarial_probes/Meryl_Streep_B_adv_mi_fgsm_mask.png,0.04,200,0.0,0.039999991772221584,0.043137254901960784,0.6620084047317505,0.28225573897361755,0.37975266575813293,False,0.7972723245620728,0.6621728539466858,0.13509947061538696,False,0.9855101704597473,0.01763806864619255,0.006842851638793945,0.0,27.996513004000008,True,,MI-FGSM+Mask,0.043137254901960784,11,False,False,11,116558.0,0.6216426666666667,1035.507604993802,2.391402377964305,5053,0.080848,0.017578666666666666,0.07874666666666667,0.5212874710559845,0.14153480529785153,0.3924832344055175,0.25738376379013056,0.080944,5059,62500,"PGD+Mask persisted final_mask; MI-FGSM mask artifact not persisted, shared deterministic-constraint assumption"
Jolanta_Kwasniewski,mi_fgsm,landmark_superpixel_mask,data/datasets/lfw/images/Jolanta_Kwasniewski/Jolanta_Kwasniewski_0001.jpg,data/datasets/lfw/images/Jolanta_Kwasniewski/Jolanta_Kwasniewski_0002.jpg,results/transfer/lfw_attack_dev_20_four_method_v3/mi_fgsm_landmark_superpixel_mask/adversarial_probes/Jolanta_Kwasniewski_B_adv_mi_fgsm_mask.png,0.04,200,0.0,0.039999991772221584,0.043137254901960784,0.5968929529190063,0.27792999148368835,0.318962961435318,False,0.5368826389312744,0.4967142343521118,0.0401684045791626,False,0.9796972274780273,0.027615375816822052,0.027667462825775146,0.0,28.645018479999635,True,,MI-FGSM+Mask,0.043137254901960784,11,False,False,11,159985.0,0.8532533333333333,1215.7183061877452,2.807581165345002,6931,0.110896,0.024826666666666667,0.107824,0.45617201924324036,0.13720905780792234,0.13209354877471918,0.09192514419555659,0.114128,7133,62500,"PGD+Mask persisted final_mask; MI-FGSM mask artifact not persisted, shared deterministic-constraint assumption"
Dino_de_Laurentis,mi_fgsm,landmark_superpixel_mask,data/datasets/lfw/images/Dino_de_Laurentis/Dino_de_Laurentis_0001.jpg,data/datasets/lfw/images/Dino_de_Laurentis/Dino_de_Laurentis_0002.jpg,results/transfer/lfw_attack_dev_20_four_method_v3/mi_fgsm_landmark_superpixel_mask/adversarial_probes/Dino_de_Laurentis_B_adv_mi_fgsm_mask.png,0.04,200,0.0,0.039999988032322305,0.043137254901960784,0.7374234795570374,0.06467194110155106,0.6727515384554863,True,0.8684400320053101,0.782152533531189,0.0862874984741211,False,0.9624573588371277,0.043196238577365875,0.04535919427871704,0.0,31.97240094100016,True,,MI-FGSM+Mask,0.043137254901960784,11,True,False,11,216839.0,1.1564746666666668,1417.600437358849,3.273807976449851,9326,0.149216,0.034341333333333335,0.14549866666666667,0.5967025458812714,-0.07604899257421496,0.4636509418487548,0.37736344337463373,0.150224,9389,62500,"PGD+Mask persisted final_mask; MI-FGSM mask artifact not persisted, shared deterministic-constraint assumption"
Cyndi_Thompson,mi_fgsm,landmark_superpixel_mask,data/datasets/lfw/images/Cyndi_Thompson/Cyndi_Thompson_0001.jpg,data/datasets/lfw/images/Cyndi_Thompson/Cyndi_Thompson_0002.jpg,results/transfer/lfw_attack_dev_20_four_method_v3/mi_fgsm_landmark_superpixel_mask/adversarial_probes/Cyndi_Thompson_B_adv_mi_fgsm_mask.png,0.04,200,0.0,0.039999991772221584,0.043137254901960784,0.7405924797058105,-0.05831606313586235,0.7989085428416729,True,0.8153476119041443,0.3441635072231293,0.471184104681015,True,0.9561778903007507,0.04218249022960663,0.040944576263427734,0.0,27.98380418799934,True,,MI-FGSM+Mask,0.043137254901960784,11,True,True,11,253412.0,1.3515306666666667,1509.9430452834968,3.4870640946217204,11560,0.18496,0.035088,0.17930133333333334,0.5998715460300446,-0.19903699681162837,0.41055852174758906,-0.06062558293342596,0.18808,11755,62500,"PGD+Mask persisted final_mask; MI-FGSM mask artifact not persisted, shared deterministic-constraint assumption"
Jerry_Springer,mi_fgsm,landmark_superpixel_mask,data/datasets/lfw/images/Jerry_Springer/Jerry_Springer_0001.jpg,data/datasets/lfw/images/Jerry_Springer/Jerry_Springer_0002.jpg,results/transfer/lfw_attack_dev_20_four_method_v3/mi_fgsm_landmark_superpixel_mask/adversarial_probes/Jerry_Springer_B_adv_mi_fgsm_mask.png,0.04,200,0.0,0.039999991772221584,0.043137254901960784,0.6389724016189575,-0.08263576775789261,0.7216081693768501,True,0.7505053281784058,0.3097256124019623,0.4407797157764435,True,0.9753805994987488,0.024833882227540016,0.054480552673339844,0.0,30.305607483998756,True,,MI-FGSM+Mask,0.043137254901960784,11,True,True,11,163931.0,0.8742986666666667,1233.8861373724887,2.8495379742454157,6990,0.11184,0.025834666666666666,0.10913066666666667,0.49825146794319153,-0.22335670143365863,0.34571623802185053,-0.09506347775459295,0.113728,7108,62500,"PGD+Mask persisted final_mask; MI-FGSM mask artifact not persisted, shared deterministic-constraint assumption"
Richard_Myers,mi_fgsm,landmark_superpixel_mask,data/datasets/lfw/images/Richard_Myers/Richard_Myers_0001.jpg,data/datasets/lfw/images/Richard_Myers/Richard_Myers_0002.jpg,results/transfer/lfw_attack_dev_20_four_method_v3/mi_fgsm_landmark_superpixel_mask/adversarial_probes/Richard_Myers_B_adv_mi_fgsm_mask.png,0.04,200,0.0,0.039999991772221584,0.043137254901960784,0.7263901829719543,0.15295007824897766,0.5734401047229767,False,0.18642199039459229,0.06396835297346115,0.12245363742113113,False,0.9745891690254211,0.030944285914301872,0.0336034893989563,0.0,32.987918910999724,True,,MI-FGSM+Mask,0.043137254901960784,11,False,False,11,197482.0,1.0532373333333334,1359.4520955149542,3.1395201331838383,8379,0.134064,0.032266666666666666,0.130112,0.5856692492961884,0.012229144573211642,-0.21836709976196295,-0.3408207371830941,0.13872,8670,62500,"PGD+Mask persisted final_mask; MI-FGSM mask artifact not persisted, shared deterministic-constraint assumption"
Michel_Temer,mi_fgsm,landmark_superpixel_mask,data/datasets/lfw/images/Michel_Temer/Michel_Temer_0001.jpg,data/datasets/lfw/images/Michel_Temer/Michel_Temer_0002.jpg,results/transfer/lfw_attack_dev_20_four_method_v3/mi_fgsm_landmark_superpixel_mask/adversarial_probes/Michel_Temer_B_adv_mi_fgsm_mask.png,0.04,200,0.0,0.039999991772221584,0.043137254901960784,0.7098482847213745,0.14263640344142914,0.5672118812799454,False,0.8404980301856995,0.5328368544578552,0.30766117572784424,False,0.980098307132721,0.023436792194843292,0.01595616340637207,0.0,33.825650222999684,True,,MI-FGSM+Mask,0.043137254901960784,11,False,False,11,155464.0,0.8291413333333333,1195.974079986686,2.761983828096513,6767,0.108272,0.024224,0.10547733333333334,0.5691273510456085,0.0019154697656631192,0.43570894002914423,0.1280477643013,0.109552,6847,62500,"PGD+Mask persisted final_mask; MI-FGSM mask artifact not persisted, shared deterministic-constraint assumption"
Christine_Baumgartner,mi_fgsm,landmark_superpixel_mask,data/datasets/lfw/images/Christine_Baumgartner/Christine_Baumgartner_0001.jpg,data/datasets/lfw/images/Christine_Baumgartner/Christine_Baumgartner_0002.jpg,results/transfer/lfw_attack_dev_20_four_method_v3/mi_fgsm_landmark_superpixel_mask/adversarial_probes/Christine_Baumgartner_B_adv_mi_fgsm_mask.png,0.04,200,0.0,0.039999991772221584,0.043137254901960784,0.554856538772583,0.028044356033205986,0.526812182739377,True,0.5797066688537598,0.34864628314971924,0.23106038570404053,True,0.9741799831390381,0.03455020859837532,0.024725675582885742,0.0,29.18654743099978,True,,MI-FGSM+Mask,0.043137254901960784,11,True,True,11,174319.0,0.9297013333333334,1257.0485273051315,2.9030292224961616,7784,0.124544,0.024138666666666666,0.12099733333333333,0.414135605096817,-0.11267657764256003,0.17491757869720453,-0.05614280700683599,0.12608,7880,62500,"PGD+Mask persisted final_mask; MI-FGSM mask artifact not persisted, shared deterministic-constraint assumption"
Angela_Lansbury,mi_fgsm,landmark_superpixel_mask,data/datasets/lfw/images/Angela_Lansbury/Angela_Lansbury_0001.jpg,data/datasets/lfw/images/Angela_Lansbury/Angela_Lansbury_0002.jpg,results/transfer/lfw_attack_dev_20_four_method_v3/mi_fgsm_landmark_superpixel_mask/adversarial_probes/Angela_Lansbury_B_adv_mi_fgsm_mask.png,0.04,200,0.0,0.039999991772221584,0.043137254901960784,0.626961350440979,0.0794074535369873,0.5475538969039917,True,0.793472409248352,0.6907833814620972,0.10268902778625488,False,0.9665846824645996,0.024075886234641075,0.031629860401153564,0.0,31.444055297999512,True,,MI-FGSM+Mask,0.043137254901960784,11,True,False,11,214485.0,1.14392,1381.32726028266,3.1900386622526486,9844,0.157504,0.026805333333333334,0.15277866666666667,0.486240416765213,-0.061313480138778714,0.3886833190917968,0.28599429130554194,0.163264,10204,62500,"PGD+Mask persisted final_mask; MI-FGSM mask artifact not persisted, shared deterministic-constraint assumption"
Justin_Timberlake,mi_fgsm,landmark_superpixel_mask,data/datasets/lfw/images/Justin_Timberlake/Justin_Timberlake_0001.jpg,data/datasets/lfw/images/Justin_Timberlake/Justin_Timberlake_0002.jpg,results/transfer/lfw_attack_dev_20_four_method_v3/mi_fgsm_landmark_superpixel_mask/adversarial_probes/Justin_Timberlake_B_adv_mi_fgsm_mask.png,0.04,200,0.0,0.039999991772221584,0.043137254901960784,0.6276103854179382,0.2281784564256668,0.3994319289922714,False,0.6584891080856323,0.36150288581848145,0.2969862222671509,True,0.9866748452186584,0.0070607587695121765,0.006146252155303955,0.0,38.0703782419987,True,,MI-FGSM+Mask,0.043137254901960784,11,False,True,11,120797.0,0.6442506666666666,1073.4686767670494,2.4790697179923495,4852,0.077632,0.020549333333333333,0.076048,0.48688945174217224,0.08745752274990079,0.2537000179290771,-0.043286204338073786,0.079728,4983,62500,"PGD+Mask persisted final_mask; MI-FGSM mask artifact not persisted, shared deterministic-constraint assumption"
Pierre_Pettigrew,mi_fgsm,landmark_superpixel_mask,data/datasets/lfw/images/Pierre_Pettigrew/Pierre_Pettigrew_0001.jpg,data/datasets/lfw/images/Pierre_Pettigrew/Pierre_Pettigrew_0002.jpg,results/transfer/lfw_attack_dev_20_four_method_v3/mi_fgsm_landmark_superpixel_mask/adversarial_probes/Pierre_Pettigrew_B_adv_mi_fgsm_mask.png,0.04,200,0.0,0.039999991772221584,0.043137254901960784,0.749657154083252,0.38462650775909424,0.3650306463241577,False,0.7142001986503601,0.5513392686843872,0.1628609299659729,False,0.9807760119438171,0.01386627834290266,0.004594385623931885,0.0,34.9415877499996,True,,MI-FGSM+Mask,0.043137254901960784,11,False,False,11,149826.0,0.799072,1181.2654231797358,2.7280156402288704,6255,0.10008,0.022533333333333332,0.09796266666666667,0.608936220407486,0.24390557408332822,0.3094111084938049,0.14655017852783198,0.10008,6255,62500,"PGD+Mask persisted final_mask; MI-FGSM mask artifact not persisted, shared deterministic-constraint assumption"
Maria_Shriver,mi_fgsm,landmark_superpixel_mask,data/datasets/lfw/images/Maria_Shriver/Maria_Shriver_0001.jpg,data/datasets/lfw/images/Maria_Shriver/Maria_Shriver_0002.jpg,results/transfer/lfw_attack_dev_20_four_method_v3/mi_fgsm_landmark_superpixel_mask/adversarial_probes/Maria_Shriver_B_adv_mi_fgsm_mask.png,0.04,200,0.0,0.039999991772221584,0.043137254901960784,0.5385941863059998,0.12338834255933762,0.41520584374666214,True,0.7045392394065857,0.45907995104789734,0.24545928835868835,False,0.977833092212677,0.023359892889857292,0.013697564601898193,0.0,31.9823739880012,True,,MI-FGSM+Mask,0.043137254901960784,11,True,False,11,156405.0,0.83416,1198.8181680304983,2.768551968087289,6769,0.108304,0.0228,0.105408,0.39787325263023376,-0.017332591116428403,0.29975014925003046,0.05429086089134211,0.118944,7434,62500,"PGD+Mask persisted final_mask; MI-FGSM mask artifact not persisted, shared deterministic-constraint assumption"
Jorge_Rodolfo_Canicoba_Corral,mi_fgsm,landmark_superpixel_mask,data/datasets/lfw/images/Jorge_Rodolfo_Canicoba_Corral/Jorge_Rodolfo_Canicoba_Corral_0001.jpg,data/datasets/lfw/images/Jorge_Rodolfo_Canicoba_Corral/Jorge_Rodolfo_Canicoba_Corral_0002.jpg,results/transfer/lfw_attack_dev_20_four_method_v3/mi_fgsm_landmark_superpixel_mask/adversarial_probes/Jorge_Rodolfo_Canicoba_Corral_B_adv_mi_fgsm_mask.png,0.04,200,0.0,0.039999991772221584,0.043137254901960784,0.7425543665885925,0.3321223556995392,0.41043201088905334,False,0.8170635104179382,0.7024040818214417,0.11465942859649658,False,0.9767360091209412,0.011325884610414505,0.013197243213653564,0.0,30.212918756000363,True,,MI-FGSM+Mask,0.043137254901960784,11,False,False,11,168257.0,0.8973706666666666,1250.6874109864543,2.888338853620422,7017,0.112272,0.024037333333333334,0.109888,0.6018334329128265,0.19140142202377317,0.412274420261383,0.2976149916648864,0.115904,7244,62500,"PGD+Mask persisted final_mask; MI-FGSM mask artifact not persisted, shared deterministic-constraint assumption"
Sally_Kirkland,mi_fgsm,landmark_superpixel_mask,data/datasets/lfw/images/Sally_Kirkland/Sally_Kirkland_0001.jpg,data/datasets/lfw/images/Sally_Kirkland/Sally_Kirkland_0002.jpg,results/transfer/lfw_attack_dev_20_four_method_v3/mi_fgsm_landmark_superpixel_mask/adversarial_probes/Sally_Kirkland_B_adv_mi_fgsm_mask.png,0.04,200,0.0,0.039999991772221584,0.043137254901960784,0.597821056842804,0.16901585459709167,0.4288052022457123,False,0.7478806972503662,0.35203537344932556,0.39584532380104065,True,0.9777946472167969,0.02789577655494213,0.017413556575775146,0.0,31.431063407999318,True,,MI-FGSM+Mask,0.043137254901960784,11,False,True,11,136837.0,0.7297973333333333,1126.1274350623023,2.600679911100172,5822,0.093152,0.020538666666666667,0.09092266666666667,0.45710012316703796,0.028294920921325656,0.343091607093811,-0.05275371670722967,0.094416,5901,62500,"PGD+Mask persisted final_mask; MI-FGSM mask artifact not persisted, shared deterministic-constraint assumption"
Patrick_McEnroe,mi_fgsm,landmark_superpixel_mask,data/datasets/lfw/images/Patrick_McEnroe/Patrick_McEnroe_0001.jpg,data/datasets/lfw/images/Patrick_McEnroe/Patrick_McEnroe_0002.jpg,results/transfer/lfw_attack_dev_20_four_method_v3/mi_fgsm_landmark_superpixel_mask/adversarial_probes/Patrick_McEnroe_B_adv_mi_fgsm_mask.png,0.04,200,0.0,0.039999991772221584,0.043137254901960784,0.562200129032135,0.11340291053056717,0.44879721850156784,True,0.5260361433029175,0.21431533992290497,0.3117208033800125,True,0.9692811965942383,0.028673626482486725,0.020741760730743408,0.0,30.31277319399851,True,,MI-FGSM+Mask,0.043137254901960784,11,True,True,11,188710.0,1.0064533333333334,1320.267397158621,3.0490269486072656,8121,0.129936,0.029168,0.12677333333333332,0.421479195356369,-0.02731802314519885,0.12124705314636225,-0.19047375023365026,0.132,8250,62500,"PGD+Mask persisted final_mask; MI-FGSM mask artifact not persisted, shared deterministic-constraint assumption"
Paul_Bremer,mi_fgsm,landmark_superpixel_mask,data/datasets/lfw/images/Paul_Bremer/Paul_Bremer_0001.jpg,data/datasets/lfw/images/Paul_Bremer/Paul_Bremer_0002.jpg,results/transfer/lfw_attack_dev_20_four_method_v3/mi_fgsm_landmark_superpixel_mask/adversarial_probes/Paul_Bremer_B_adv_mi_fgsm_mask.png,0.04,200,0.0,0.039999991772221584,0.043137254901960784,0.7115238308906555,0.39114582538604736,0.32037800550460815,False,0.7105745673179626,0.6104355454444885,0.10013902187347412,False,0.9769905209541321,0.03258252143859863,0.02285158634185791,0.0,25.02017527099997,True,,MI-FGSM+Mask,0.043137254901960784,11,False,False,11,173598.0,0.925856,1265.4983208206954,2.9225431847393915,7448,0.119168,0.024629333333333333,0.116272,0.5708028972148895,0.25042489171028137,0.3057854771614074,0.2056464552879333,0.123056,7691,62500,"PGD+Mask persisted final_mask; MI-FGSM mask artifact not persisted, shared deterministic-constraint assumption"
Junichiro_Koizumi,mi_fgsm,landmark_superpixel_mask,data/datasets/lfw/images/Junichiro_Koizumi/Junichiro_Koizumi_0001.jpg,data/datasets/lfw/images/Junichiro_Koizumi/Junichiro_Koizumi_0002.jpg,results/transfer/lfw_attack_dev_20_four_method_v3/mi_fgsm_landmark_superpixel_mask/adversarial_probes/Junichiro_Koizumi_B_adv_mi_fgsm_mask.png,0.04,200,0.0,0.039999991772221584,0.043137254901960784,0.7045557498931885,0.21950481832027435,0.4850509315729141,False,0.8772518038749695,0.487431138753891,0.3898206651210785,False,0.9701998829841614,0.0390838198363781,0.03226572275161743,0.0,24.9547147530011,True,,MI-FGSM+Mask,0.043137254901960784,11,False,False,11,166927.0,0.8902773333333334,1227.0374892398358,2.8337216988735268,7467,0.119472,0.021333333333333333,0.11604266666666667,0.5638348162174225,0.07878388464450833,0.47246271371841425,0.08264204859733576,0.125488,7843,62500,"PGD+Mask persisted final_mask; MI-FGSM mask artifact not persisted, shared deterministic-constraint assumption"
Jennifer_Rodriguez,mi_fgsm,landmark_superpixel_mask,data/datasets/lfw/images/Jennifer_Rodriguez/Jennifer_Rodriguez_0001.jpg,data/datasets/lfw/images/Jennifer_Rodriguez/Jennifer_Rodriguez_0002.jpg,results/transfer/lfw_attack_dev_20_four_method_v3/mi_fgsm_landmark_superpixel_mask/adversarial_probes/Jennifer_Rodriguez_B_adv_mi_fgsm_mask.png,0.04,200,0.0,0.039999991772221584,0.043137254901960784,0.5400700569152832,0.18173544108867645,0.35833461582660675,False,0.6401137113571167,0.5306126475334167,0.10950106382369995,False,0.9712626338005066,0.013903901912271976,0.03856295347213745,0.0,24.926089614000375,True,,MI-FGSM+Mask,0.043137254901960784,11,False,False,11,202921.0,1.0822453333333333,1337.9973841528988,3.089972599662765,9397,0.150352,0.022912,0.14577066666666666,0.3993491232395172,0.041014507412910434,0.23532462120056147,0.12582355737686152,0.162816,10176,62500,"PGD+Mask persisted final_mask; MI-FGSM mask artifact not persisted, shared deterministic-constraint assumption"
Heizo_Takenaka,mi_fgsm,landmark_superpixel_mask,data/datasets/lfw/images/Heizo_Takenaka/Heizo_Takenaka_0001.jpg,data/datasets/lfw/images/Heizo_Takenaka/Heizo_Takenaka_0002.jpg,results/transfer/lfw_attack_dev_20_four_method_v3/mi_fgsm_landmark_superpixel_mask/adversarial_probes/Heizo_Takenaka_B_adv_mi_fgsm_mask.png,0.04,200,0.0,0.039999991772221584,0.043137254901960784,0.7201915383338928,0.15176597237586975,0.5684255659580231,False,0.9186526536941528,0.7278612852096558,0.19079136848449707,False,0.9733650088310242,0.021737944334745407,0.025517761707305908,0.0,24.539715119000903,True,,MI-FGSM+Mask,0.043137254901960784,11,False,False,11,201647.0,1.0754506666666668,1363.2978397987727,3.148401499173827,8807,0.140912,0.031141333333333333,0.13729066666666667,0.5794706046581268,0.011045038700103732,0.5138635635375977,0.32307219505310053,0.146336,9146,62500,"PGD+Mask persisted final_mask; MI-FGSM mask artifact not persisted, shared deterministic-constraint assumption"
