identity_id,comparison,delta_arcface_cosine_drop,delta_facenet_cosine_drop,delta_ssim,delta_lpips,delta_dists,delta_l1_rgb255,delta_l2_rgb255,delta_changed_pixel_ratio,arcface_transition,facenet_transition
Angela_Lansbury,PGD_to_PGD+Mask,-0.14883896708488464,-0.05687558650970459,0.007955431938171387,-0.012408889830112457,-0.0191153883934021,-99565.0,-250.47147417536814,-0.136288,success→success,fail→fail
Christine_Baumgartner,PGD_to_PGD+Mask,-0.21217209845781326,-0.046171605587005615,0.017072558403015137,-0.03815486654639244,-0.04237765073776245,-149294.0,-372.7299133410281,-0.20611199999999996,success→success,success→success
Cyndi_Thompson,PGD_to_PGD+Mask,-0.14143934845924377,0.09359127283096313,0.014848589897155762,-0.02107624150812626,-0.02909451723098755,-105884.0,-249.05297867031618,-0.151264,success→success,fail→fail
Dino_de_Laurentis,PGD_to_PGD+Mask,-0.19155437871813774,-0.06649643182754517,0.02119922637939453,-0.057116009294986725,-0.04530602693557739,-133275.0,-298.76518206998026,-0.19470400000000002,success→success,fail→fail
Heizo_Takenaka,PGD_to_PGD+Mask,-0.21336615923792124,0.03726816177368164,0.016825616359710693,-0.016631470061838627,-0.041793107986450195,-103573.0,-242.25541299019642,-0.146816,success→success,fail→fail
Jennifer_Rodriguez,PGD_to_PGD+Mask,-0.07223798334598541,-0.012194216251373291,0.013120472431182861,-0.012537162750959396,-0.02537328004837036,-83548.0,-213.86135016076958,-0.124864,success→success,fail→fail
Jerry_Springer,PGD_to_PGD+Mask,-0.14425194263458252,0.040150582790374756,0.00942295789718628,-0.020710069686174393,-0.03687316179275513,-95258.0,-249.58084613132837,-0.134832,success→success,fail→fail
Jolanta_Kwasniewski,PGD_to_PGD+Mask,-0.29093094170093536,-0.021891415119171143,0.02104663848876953,-0.029079756699502468,-0.025211751461029053,-134987.0,-348.1969177039797,-0.184304,success→success,fail→fail
Jorge_Rodolfo_Canicoba_Corral,PGD_to_PGD+Mask,-0.39807017147541046,-0.07540303468704224,0.018207013607025146,-0.018771426752209663,-0.02375394105911255,-123032.0,-320.5295165463764,-0.16113600000000003,success→fail,fail→fail
Junichiro_Koizumi,PGD_to_PGD+Mask,-0.34866376989521086,0.18450844287872314,0.021607041358947754,-0.044170133769512177,-0.05973702669143677,-125955.0,-306.5949061121595,-0.19856,success→success,fail→fail
Justin_Timberlake,PGD_to_PGD+Mask,-0.4564536362886429,-0.008829116821289062,0.026393353939056396,-0.020205759909003973,-0.027631640434265137,-187363.0,-513.4449765321788,-0.23428799999999997,success→fail,success→success
Maria_Shriver,PGD_to_PGD+Mask,-0.16793576627969742,0.07080817222595215,0.01762157678604126,-0.03245730139315128,-0.023358702659606934,-152375.0,-422.38663946428255,-0.19432,success→success,fail→success
Meryl_Streep,PGD_to_PGD+Mask,-0.3389204293489456,-0.06987768411636353,0.01739680767059326,-0.020515911281108856,-0.022997140884399414,-165598.0,-471.5130250493596,-0.21451200000000004,success→success,fail→fail
Michel_Temer,PGD_to_PGD+Mask,-0.4452943615615368,-0.30622178316116333,0.015193581581115723,-0.020831210538744926,-0.02490323781967163,-134041.0,-367.91743226373205,-0.177408,success→success,success→fail
Michelle_Collins,PGD_to_PGD+Mask,-0.3432612270116806,0.045974910259246826,0.013692080974578857,-0.019115541595965624,-0.021712660789489746,-101437.0,-281.97608182592455,-0.138368,success→success,fail→fail
Patrick_McEnroe,PGD_to_PGD+Mask,-0.262782322242856,0.03627438843250275,0.01899057626724243,-0.017840619198977947,-0.032704830169677734,-142215.0,-326.62211435318295,-0.20652800000000002,success→success,success→success
Paul_Bremer,PGD_to_PGD+Mask,-0.30846773087978363,-0.0018949508666992188,0.025061845779418945,-0.036057665944099426,-0.051420629024505615,-160416.0,-375.246118240531,-0.226128,success→fail,fail→fail
Pierre_Pettigrew,PGD_to_PGD+Mask,-0.40989284217357635,0.10516053438186646,0.01577150821685791,-0.01483975164592266,-0.01898092031478882,-144660.0,-388.6866649062421,-0.18376000000000003,success→fail,fail→fail
Richard_Myers,PGD_to_PGD+Mask,-0.2596622221171856,0.04435069486498833,0.018340706825256348,-0.03521617874503136,-0.02744203805923462,-142365.0,-321.9435373449048,-0.202544,success→success,fail→fail
Sally_Kirkland,PGD_to_PGD+Mask,-0.28367680311203003,-0.05751243233680725,0.01500624418258667,-0.027442889288067818,-0.0229337215423584,-113671.0,-324.70458538585297,-0.160464,success→success,fail→fail
Angela_Lansbury,MI-FGSM_to_MI-FGSM+Mask,-0.07716675475239754,-0.003598928451538086,0.021447479724884033,-0.03039383329451084,-0.03312629461288452,-178760.0,-479.90163482938397,-0.136416,success→success,fail→fail
Christine_Baumgartner,MI-FGSM_to_MI-FGSM+Mask,-0.12353917770087719,-0.0949242115020752,0.04072338342666626,-0.07430096343159676,-0.05298590660095215,-270456.0,-725.177746357893,-0.20624000000000003,success→success,success→success
Cyndi_Thompson,MI-FGSM_to_MI-FGSM+Mask,-0.123448196798563,0.021563172340393066,0.033477187156677246,-0.03761688619852066,-0.040458083152770996,-186471.0,-454.03124171722675,-0.15150399999999997,success→success,success→success
Dino_de_Laurentis,MI-FGSM_to_MI-FGSM+Mask,-0.16324497759342194,-0.0217016339302063,0.05167573690414429,-0.0928541049361229,-0.06102555990219116,-248515.0,-620.0590042554754,-0.194912,success→success,fail→fail
Heizo_Takenaka,MI-FGSM_to_MI-FGSM+Mask,-0.1667199218645692,-0.016772449016571045,0.03834575414657593,-0.03958753123879433,-0.043734848499298096,-187821.0,-501.7013559115096,-0.14703999999999998,success→fail,fail→fail
Jennifer_Rodriguez,MI-FGSM_to_MI-FGSM+Mask,-0.05860568583011627,-0.025062263011932373,0.03582167625427246,-0.03155262675136328,-0.027721107006072998,-162992.0,-450.04987473037795,-0.124864,success→fail,fail→fail
Jerry_Springer,MI-FGSM_to_MI-FGSM+Mask,-0.12298139184713364,0.03520733118057251,0.025141596794128418,-0.05213785730302334,-0.03343397378921509,-167950.0,-480.08614945130944,-0.134944,success→success,success→success
Jolanta_Kwasniewski,MI-FGSM_to_MI-FGSM+Mask,-0.18775829672813416,0.016585946083068848,0.04778170585632324,-0.07496974617242813,-0.039208292961120605,-235164.0,-654.1664496194142,-0.18420799999999998,success→fail,fail→fail
Jorge_Rodolfo_Canicoba_Corral,MI-FGSM_to_MI-FGSM+Mask,-0.26798779517412186,-0.10879683494567871,0.03880417346954346,-0.042243726551532745,-0.026438593864440918,-210733.0,-593.5446785293962,-0.16126400000000002,success→fail,fail→fail
Junichiro_Koizumi,MI-FGSM_to_MI-FGSM+Mask,-0.2690814845263958,-0.014950990676879883,0.05828237533569336,-0.11127131059765816,-0.07106119394302368,-261112.0,-711.6262257968901,-0.198848,success→fail,fail→fail
Justin_Timberlake,MI-FGSM_to_MI-FGSM+Mask,-0.3602353036403656,-0.09602919220924377,0.05417609214782715,-0.05407540127635002,-0.03541064262390137,-315088.0,-917.4901374729641,-0.23435199999999998,success→fail,success→success
Maria_Shriver,MI-FGSM_to_MI-FGSM+Mask,-0.15548666566610336,-0.1198103129863739,0.036678314208984375,-0.05409022606909275,-0.03614175319671631,-255042.0,-718.1531410923064,-0.19436799999999999,success→success,success→fail
Meryl_Streep,MI-FGSM_to_MI-FGSM+Mask,-0.3028367515653372,-0.10178238153457642,0.0409582257270813,-0.0502232201397419,-0.036328911781311035,-289820.0,-868.6289447315585,-0.21472,success→fail,fail→fail
Michel_Temer,MI-FGSM_to_MI-FGSM+Mask,-0.3415702134370804,-0.17297551035881042,0.03517293930053711,-0.0488164946436882,-0.04967266321182251,-245297.0,-713.6758879393733,-0.177456,success→fail,success→fail
Michelle_Collins,MI-FGSM_to_MI-FGSM+Mask,-0.20989840850234032,-0.0782889723777771,0.030674993991851807,-0.040103763341903687,-0.031144440174102783,-180038.0,-534.3431952385758,-0.138464,success→fail,fail→fail
Patrick_McEnroe,MI-FGSM_to_MI-FGSM+Mask,-0.19440149515867233,-0.03156976401805878,0.04668241739273071,-0.04657110571861267,-0.04517698287963867,-263824.0,-680.9467343125716,-0.20664,success→success,success→success
Paul_Bremer,MI-FGSM_to_MI-FGSM+Mask,-0.19936761260032654,-0.09640622138977051,0.058280766010284424,-0.07390134036540985,-0.06591469049453735,-285820.0,-741.5826441630295,-0.226352,fail→fail,fail→fail
Pierre_Pettigrew,MI-FGSM_to_MI-FGSM+Mask,-0.22901427745819092,0.01568007469177246,0.03385603427886963,-0.03024920169264078,-0.03387707471847534,-245678.0,-703.020117814516,-0.183904,fail→fail,fail→fail
Richard_Myers,MI-FGSM_to_MI-FGSM+Mask,-0.17479190044105053,0.040201134979724884,0.042166709899902344,-0.0739851463586092,-0.048644840717315674,-250572.0,-642.0903097315597,-0.20254400000000003,success→fail,fail→fail
Sally_Kirkland,MI-FGSM_to_MI-FGSM+Mask,-0.1689465818926692,-0.12928169965744019,0.03462952375411987,-0.06518633104860783,-0.03371620178222656,-201440.0,-602.2871564058441,-0.160592,success→fail,success→success
