identity_id,attack,constraint,reference_image,probe_image,adversarial_image,configured_epsilon,steps,tv_weight,actual_linf_tensor,actual_linf_serialized,arcface_clean_cosine,arcface_adv_cosine,arcface_cosine_drop,arcface_threshold_crossing,facenet_clean_cosine,facenet_adv_cosine,facenet_cosine_drop,facenet_transfer_crossing,ssim,lpips,dists,mask_outside_delta_max,runtime_seconds,valid,failure_reason,method,actual_linf_serialized_rgb_01,actual_linf_serialized_rgb_255,arcface_asr,facenet_transfer_asr,linf_rgb255,l1_rgb255,mean_abs_rgb255,l2_rgb255,rms_rgb255,changed_pixel_count,changed_pixel_ratio,epsilon_saturation_element_ratio,changed_element_ratio,channel_mean_abs_rgb255,arcface_clean_margin,arcface_adv_margin,facenet_clean_margin,facenet_adv_margin
Michelle_Collins,pgd_full,none,data/datasets/lfw/images/Michelle_Collins/Michelle_Collins_0001.jpg,data/datasets/lfw/images/Michelle_Collins/Michelle_Collins_0002.jpg,results/transfer/lfw_attack_dev_20_baseline_v2/pgd_full/adversarial_probes/Michelle_Collins_B_adv_pgd_full.png,0.04,200,0.0,0.039999991772221584,0.043137254901960784,0.8272353410720825,-0.40743130445480347,1.234666645526886,True,0.8860029578208923,0.7299052476882935,0.15609771013259888,False,0.9753410816192627,0.02683233842253685,0.03251159191131592,,24.79889577999984,True,,PGD,0.043137254901960784,11,True,False,11,208014.0,1.109408,1168.0556493592246,2.697508974344046,15313,0.245008,0.005157333333333333,0.22861866666666666,"[1.124336, 1.08952, 1.114368]",0.6865144073963165,-0.5481522381305695,0.4812138676643371,0.3251161575317382
Meryl_Streep,pgd_full,none,data/datasets/lfw/images/Meryl_Streep/Meryl_Streep_0001.jpg,data/datasets/lfw/images/Meryl_Streep/Meryl_Streep_0002.jpg,results/transfer/lfw_attack_dev_20_baseline_v2/pgd_full/adversarial_probes/Meryl_Streep_B_adv_pgd_full.png,0.04,200,0.0,0.039999991772221584,0.043137254901960784,0.6620084047317505,-0.21130433678627014,0.8733127415180206,True,0.7972723245620728,0.6117315292358398,0.1855407953262329,False,0.9736030697822571,0.03267326205968857,0.028525054454803467,,25.421766903999924,True,,PGD,0.043137254901960784,11,True,False,11,249908.0,1.3328426666666666,1270.084249174046,2.9331339326165566,18457,0.295312,0.0041333333333333335,0.2765706666666667,"[1.36712, 1.304672, 1.326736]",0.5212874710559845,-0.35202527046203613,0.3924832344055175,0.2069424390792846
Jolanta_Kwasniewski,pgd_full,none,data/datasets/lfw/images/Jolanta_Kwasniewski/Jolanta_Kwasniewski_0001.jpg,data/datasets/lfw/images/Jolanta_Kwasniewski/Jolanta_Kwasniewski_0002.jpg,results/transfer/lfw_attack_dev_20_baseline_v2/pgd_full/adversarial_probes/Jolanta_Kwasniewski_B_adv_pgd_full.png,0.04,200,0.0,0.039999991772221584,0.043137254901960784,0.5968929529190063,-0.1537514179944992,0.7506443709135056,True,0.5368826389312744,0.5152416229248047,0.021641016006469727,False,0.9662327766418457,0.04070059582591057,0.0435338020324707,,25.920675167999434,True,,PGD,0.043137254901960784,11,True,False,11,251561.0,1.3416586666666668,1288.173513157292,2.974909298337234,18442,0.295072,0.007157333333333333,0.2752213333333333,"[1.361936, 1.337952, 1.325088]",0.45617201924324036,-0.2944723516702652,0.13209354877471918,0.11045253276824946
Dino_de_Laurentis,pgd_full,none,data/datasets/lfw/images/Dino_de_Laurentis/Dino_de_Laurentis_0001.jpg,data/datasets/lfw/images/Dino_de_Laurentis/Dino_de_Laurentis_0002.jpg,results/transfer/lfw_attack_dev_20_baseline_v2/pgd_full/adversarial_probes/Dino_de_Laurentis_B_adv_pgd_full.png,0.04,200,0.0,0.039999991772221584,0.043137254901960784,0.7374234795570374,-0.24860329926013947,0.9860267788171768,True,0.8684400320053101,0.7165671586990356,0.15187287330627441,False,0.9567429423332214,0.08440208435058594,0.08629530668258667,,24.53323871700013,True,,PGD,0.043137254901960784,11,True,False,11,280410.0,1.49552,1331.8145516549966,3.0756939596346924,21492,0.343872,0.0048586666666666665,0.320336,"[1.506384, 1.459728, 1.520448]",0.5967025458812714,-0.38932423293590546,0.4636509418487548,0.3117780685424804
Cyndi_Thompson,pgd_full,none,data/datasets/lfw/images/Cyndi_Thompson/Cyndi_Thompson_0001.jpg,data/datasets/lfw/images/Cyndi_Thompson/Cyndi_Thompson_0002.jpg,results/transfer/lfw_attack_dev_20_baseline_v2/pgd_full/adversarial_probes/Cyndi_Thompson_B_adv_pgd_full.png,0.04,200,0.0,0.039999991772221584,0.043137254901960784,0.7405924797058105,-0.480526864528656,1.2211193442344666,True,0.8153476119041443,0.5046555995941162,0.3106920123100281,False,0.9610341191291809,0.039788618683815,0.056371092796325684,,25.247160259999873,True,,PGD,0.043137254901960784,11,True,False,11,271989.0,1.450608,1311.2097467606013,3.0281092010251767,21009,0.336144,0.005114666666666667,0.3116426666666667,"[1.491328, 1.431392, 1.429104]",0.5998715460300446,-0.621247798204422,0.41055852174758906,0.09986650943756098
Jerry_Springer,pgd_full,none,data/datasets/lfw/images/Jerry_Springer/Jerry_Springer_0001.jpg,data/datasets/lfw/images/Jerry_Springer/Jerry_Springer_0002.jpg,results/transfer/lfw_attack_dev_20_baseline_v2/pgd_full/adversarial_probes/Jerry_Springer_B_adv_pgd_full.png,0.04,200,0.0,0.039999991772221584,0.043137254901960784,0.6389724016189575,-0.39562147855758667,1.0345938801765442,True,0.7505053281784058,0.470503568649292,0.28000175952911377,False,0.9766321182250977,0.035802848637104034,0.06853199005126953,,26.72677776099954,True,,PGD,0.043137254901960784,11,True,False,11,204970.0,1.0931733333333333,1141.4149114147756,2.635984825449494,15412,0.246592,0.0031466666666666665,0.230448,"[1.109504, 1.068736, 1.10128]",0.49825146794319153,-0.5363424122333527,0.34571623802185053,0.06571447849273676
Richard_Myers,pgd_full,none,data/datasets/lfw/images/Richard_Myers/Richard_Myers_0001.jpg,data/datasets/lfw/images/Richard_Myers/Richard_Myers_0002.jpg,results/transfer/lfw_attack_dev_20_baseline_v2/pgd_full/adversarial_probes/Richard_Myers_B_adv_pgd_full.png,0.04,200,0.0,0.039999991772221584,0.043137254901960784,0.7263901829719543,-0.20133554935455322,0.9277257323265076,True,0.18642199039459229,0.09119439125061035,0.09522759914398193,False,0.9652017951011658,0.053204990923404694,0.05223363637924194,,25.021386610999798,True,,PGD,0.043137254901960784,11,True,False,11,285560.0,1.5229866666666667,1373.1889891781102,3.171244130200848,21030,0.33648,0.008101333333333334,0.311456,"[1.566496, 1.514736, 1.487728]",0.5856692492961884,-0.3420564830303192,-0.21836709976196295,-0.3135946989059449
Michel_Temer,pgd_full,none,data/datasets/lfw/images/Michel_Temer/Michel_Temer_0001.jpg,data/datasets/lfw/images/Michel_Temer/Michel_Temer_0002.jpg,results/transfer/lfw_attack_dev_20_baseline_v2/pgd_full/adversarial_probes/Michel_Temer_B_adv_pgd_full.png,0.04,200,0.0,0.039999991772221584,0.043137254901960784,0.7098482847213745,-0.45206499099731445,1.161913275718689,True,0.8404980301856995,0.2560485601425171,0.5844494700431824,True,0.9737130999565125,0.03690306842327118,0.036283016204833984,,27.138513918999706,True,,PGD,0.043137254901960784,11,True,True,11,239703.0,1.278416,1238.0036348896558,2.8590469274451116,17853,0.285648,0.0038933333333333333,0.2669973333333333,"[1.316784, 1.254896, 1.263568]",0.5691273510456085,-0.5927859246730804,0.43570894002914423,-0.14874053001403814
Christine_Baumgartner,pgd_full,none,data/datasets/lfw/images/Christine_Baumgartner/Christine_Baumgartner_0001.jpg,data/datasets/lfw/images/Christine_Baumgartner/Christine_Baumgartner_0002.jpg,results/transfer/lfw_attack_dev_20_baseline_v2/pgd_full/adversarial_probes/Christine_Baumgartner_B_adv_pgd_full.png,0.04,200,0.0,0.039999988032322305,0.043137254901960784,0.554856538772583,-0.27632829546928406,0.8311848342418671,True,0.5797066688537598,0.3027258813381195,0.27698078751564026,True,0.9678335785865784,0.05929224565625191,0.0613248348236084,,25.66459093499998,True,,PGD,0.043137254901960784,11,True,True,11,270302.0,1.4416106666666666,1302.025345375427,3.0068987345768727,20664,0.330624,0.003621333333333333,0.30874666666666667,"[1.459856, 1.444144, 1.420832]",0.414135605096817,-0.41704922914505005,0.17491757869720453,-0.10206320881843572
Angela_Lansbury,pgd_full,none,data/datasets/lfw/images/Angela_Lansbury/Angela_Lansbury_0001.jpg,data/datasets/lfw/images/Angela_Lansbury/Angela_Lansbury_0002.jpg,results/transfer/lfw_attack_dev_20_baseline_v2/pgd_full/adversarial_probes/Angela_Lansbury_B_adv_pgd_full.png,0.04,200,0.0,0.039999991772221584,0.043137254901960784,0.626961350440979,-0.2712768018245697,0.8982381522655487,True,0.793472409248352,0.615925133228302,0.17754727602005005,False,0.973308265209198,0.02349439263343811,0.039901793003082275,,25.71972894800001,True,,PGD,0.043137254901960784,11,True,False,11,243055.0,1.2962933333333333,1240.1431368999306,2.863987895691367,18354,0.293664,0.0032853333333333332,0.27435733333333334,"[1.311952, 1.28832, 1.288608]",0.486240416765213,-0.4119977355003357,0.3886833190917968,0.21113604307174677
Justin_Timberlake,pgd_full,none,data/datasets/lfw/images/Justin_Timberlake/Justin_Timberlake_0001.jpg,data/datasets/lfw/images/Justin_Timberlake/Justin_Timberlake_0002.jpg,results/transfer/lfw_attack_dev_20_baseline_v2/pgd_full/adversarial_probes/Justin_Timberlake_B_adv_pgd_full.png,0.04,200,0.0,0.039999991772221584,0.043137254901960784,0.6276103854179382,-0.2896921634674072,0.9173025488853455,True,0.6584891080856323,0.355633944272995,0.30285516381263733,True,0.9645049571990967,0.024863598868250847,0.031711459159851074,,25.39440386700062,True,,PGD,0.043137254901960784,11,True,True,11,279274.0,1.4894613333333333,1379.8311490903516,3.1865835414541803,19495,0.31192,0.008656,0.291872,"[1.533936, 1.483248, 1.4512]",0.48688945174217224,-0.4304130971431732,0.2537000179290771,-0.049155145883560236
Pierre_Pettigrew,pgd_full,none,data/datasets/lfw/images/Pierre_Pettigrew/Pierre_Pettigrew_0001.jpg,data/datasets/lfw/images/Pierre_Pettigrew/Pierre_Pettigrew_0002.jpg,results/transfer/lfw_attack_dev_20_baseline_v2/pgd_full/adversarial_probes/Pierre_Pettigrew_B_adv_pgd_full.png,0.04,200,0.0,0.039999991772221584,0.043137254901960784,0.749657154083252,-0.15793640911579132,0.9075935631990433,True,0.7142001986503601,0.660348653793335,0.053851544857025146,False,0.9716698527336121,0.02157306857407093,0.02341437339782715,,25.54279489700002,True,,PGD,0.043137254901960784,11,True,False,11,255152.0,1.3608106666666666,1316.5789000284033,3.04050872936312,17739,0.283824,0.006842666666666667,0.266672,"[1.39856, 1.354144, 1.329728]",0.608936220407486,-0.2986573427915573,0.3094111084938049,0.25555956363677973
Maria_Shriver,pgd_full,none,data/datasets/lfw/images/Maria_Shriver/Maria_Shriver_0001.jpg,data/datasets/lfw/images/Maria_Shriver/Maria_Shriver_0002.jpg,results/transfer/lfw_attack_dev_20_baseline_v2/pgd_full/adversarial_probes/Maria_Shriver_B_adv_pgd_full.png,0.04,200,0.0,0.039999991772221584,0.043137254901960784,0.5385941863059998,-0.111030213534832,0.6496243998408318,True,0.7045392394065857,0.4492179751396179,0.2553212642669678,False,0.9696246981620789,0.04551331698894501,0.034986257553100586,,24.234003395999935,True,,PGD,0.043137254901960784,11,True,False,11,259267.0,1.3827573333333334,1301.3189463002527,3.005267375792044,18909,0.302544,0.004832,0.28271466666666667,"[1.413968, 1.393568, 1.340736]",0.39787325263023376,-0.251751147210598,0.29975014925003046,0.04442888498306269
Jorge_Rodolfo_Canicoba_Corral,pgd_full,none,data/datasets/lfw/images/Jorge_Rodolfo_Canicoba_Corral/Jorge_Rodolfo_Canicoba_Corral_0001.jpg,data/datasets/lfw/images/Jorge_Rodolfo_Canicoba_Corral/Jorge_Rodolfo_Canicoba_Corral_0002.jpg,results/transfer/lfw_attack_dev_20_baseline_v2/pgd_full/adversarial_probes/Jorge_Rodolfo_Canicoba_Corral_B_adv_pgd_full.png,0.04,200,0.0,0.039999991772221584,0.043137254901960784,0.7425543665885925,-0.22893160581588745,0.97148597240448,True,0.8170635104179382,0.5829896330833435,0.23407387733459473,False,0.9669990539550781,0.026849469169974327,0.03420037031173706,,24.342466954000884,True,,PGD,0.043137254901960784,11,True,False,11,244204.0,1.3024213333333334,1282.3455072639356,2.9614500952517617,17087,0.273392,0.005146666666666667,0.25650666666666666,"[1.351744, 1.28136, 1.27416]",0.6018334329128265,-0.36965253949165344,0.412274420261383,0.17820054292678827
Sally_Kirkland,pgd_full,none,data/datasets/lfw/images/Sally_Kirkland/Sally_Kirkland_0001.jpg,data/datasets/lfw/images/Sally_Kirkland/Sally_Kirkland_0002.jpg,results/transfer/lfw_attack_dev_20_baseline_v2/pgd_full/adversarial_probes/Sally_Kirkland_B_adv_pgd_full.png,0.04,200,0.0,0.039999991772221584,0.043137254901960784,0.597821056842804,-0.22072966396808624,0.8185507208108902,True,0.7478806972503662,0.4272332787513733,0.3206474184989929,False,0.9724593162536621,0.04540068656206131,0.03522336483001709,,25.362705452999762,True,,PGD,0.043137254901960784,11,True,False,11,203203.0,1.0837493333333332,1126.4239876707172,2.601364770013361,15847,0.253552,0.002874666666666667,0.235536,"[1.109584, 1.075312, 1.066352]",0.45710012316703796,-0.36145059764385223,0.343091607093811,0.02244418859481806
Patrick_McEnroe,pgd_full,none,data/datasets/lfw/images/Patrick_McEnroe/Patrick_McEnroe_0001.jpg,data/datasets/lfw/images/Patrick_McEnroe/Patrick_McEnroe_0002.jpg,results/transfer/lfw_attack_dev_20_baseline_v2/pgd_full/adversarial_probes/Patrick_McEnroe_B_adv_pgd_full.png,0.04,200,0.0,0.039999991772221584,0.043137254901960784,0.562200129032135,-0.24571934342384338,0.8079194724559784,True,0.5260361433029175,0.24256086349487305,0.28347527980804443,True,0.962531566619873,0.031535517424345016,0.04657280445098877,,25.325611432000187,True,,PGD,0.043137254901960784,11,True,True,11,271981.0,1.4505653333333333,1300.9146782168307,3.00433375864489,21028,0.336448,0.004149333333333333,0.313488,"[1.453136, 1.445264, 1.453296]",0.421479195356369,-0.3864402770996094,0.12124705314636225,-0.16222822666168218
Paul_Bremer,pgd_full,none,data/datasets/lfw/images/Paul_Bremer/Paul_Bremer_0001.jpg,data/datasets/lfw/images/Paul_Bremer/Paul_Bremer_0002.jpg,results/transfer/lfw_attack_dev_20_baseline_v2/pgd_full/adversarial_probes/Paul_Bremer_B_adv_pgd_full.png,0.04,200,0.0,0.039999991772221584,0.043137254901960784,0.7115238308906555,-0.08587129414081573,0.7973951250314713,True,0.7105745673179626,0.5318101644515991,0.17876440286636353,False,0.9607136249542236,0.053389985114336014,0.0680931806564331,,25.71057965,True,,PGD,0.043137254901960784,11,True,False,11,286402.0,1.5274773333333334,1354.8756400496688,3.128951262004571,21582,0.345312,0.005125333333333333,0.32193066666666664,"[1.593728, 1.490416, 1.498288]",0.5708028972148895,-0.22659222781658175,0.3057854771614074,0.1270210742950439
Junichiro_Koizumi,pgd_full,none,data/datasets/lfw/images/Junichiro_Koizumi/Junichiro_Koizumi_0001.jpg,data/datasets/lfw/images/Junichiro_Koizumi/Junichiro_Koizumi_0002.jpg,results/transfer/lfw_attack_dev_20_baseline_v2/pgd_full/adversarial_probes/Junichiro_Koizumi_B_adv_pgd_full.png,0.04,200,0.0,0.039999991772221584,0.043137254901960784,0.7045557498931885,-0.3457627594470978,1.0503185093402863,True,0.8772518038749695,0.6666112542152405,0.210640549659729,False,0.9620799422264099,0.06545054167509079,0.0879356861114502,,22.804842663000272,True,,PGD,0.043137254901960784,11,True,False,11,236390.0,1.2607466666666667,1178.2834972959606,2.7211291773820663,19874,0.317984,0.0018986666666666668,0.29357866666666665,"[1.304176, 1.247328, 1.230736]",0.5638348162174225,-0.48648369312286377,0.47246271371841425,0.26182216405868525
Jennifer_Rodriguez,pgd_full,none,data/datasets/lfw/images/Jennifer_Rodriguez/Jennifer_Rodriguez_0001.jpg,data/datasets/lfw/images/Jennifer_Rodriguez/Jennifer_Rodriguez_0002.jpg,results/transfer/lfw_attack_dev_20_baseline_v2/pgd_full/adversarial_probes/Jennifer_Rodriguez_B_adv_pgd_full.png,0.04,200,0.0,0.039999991772221584,0.043137254901960784,0.5400700569152832,-0.09449610114097595,0.6345661580562592,True,0.6401137113571167,0.5983473062515259,0.04176640510559082,False,0.9715845584869385,0.018380679190158844,0.04976999759674072,,22.345622002999335,True,,PGD,0.043137254901960784,11,True,False,11,216297.0,1.153584,1154.632842075783,2.666510328750544,17197,0.275152,0.0029813333333333332,0.2553546666666667,"[1.17424, 1.130992, 1.15552]",0.3993491232395172,-0.23521703481674197,0.23532462120056147,0.19355821609497065
Heizo_Takenaka,pgd_full,none,data/datasets/lfw/images/Heizo_Takenaka/Heizo_Takenaka_0001.jpg,data/datasets/lfw/images/Heizo_Takenaka/Heizo_Takenaka_0002.jpg,results/transfer/lfw_attack_dev_20_baseline_v2/pgd_full/adversarial_probes/Heizo_Takenaka_B_adv_pgd_full.png,0.04,200,0.0,0.039999991772221584,0.043137254901960784,0.7201915383338928,-0.20120909810066223,0.921400636434555,True,0.9186526536941528,0.7889116406440735,0.12974101305007935,False,0.9673090577125549,0.028193876147270203,0.06048840284347534,,23.990232009000465,True,,PGD,0.043137254901960784,11,True,False,11,245466.0,1.309152,1268.3445904012049,2.929116362773365,17980,0.28768,0.006213333333333334,0.2696053333333333,"[1.327296, 1.283408, 1.316752]",0.5794706046581268,-0.3419300317764282,0.5138635635375977,0.38412255048751826
Michelle_Collins,mi_fgsm,none,data/datasets/lfw/images/Michelle_Collins/Michelle_Collins_0001.jpg,data/datasets/lfw/images/Michelle_Collins/Michelle_Collins_0002.jpg,results/transfer/lfw_attack_dev_20_baseline_v2/mi_fgsm/adversarial_probes/Michelle_Collins_B_adv_mi_fgsm.png,0.04,200,0.0,0.039999991772221584,0.043137254901960784,0.8272353410720825,-0.04215935990214348,0.869394700974226,True,0.8860029578208923,0.6233126521110535,0.26269030570983887,False,0.9506334662437439,0.056988537311553955,0.04930293560028076,,21.482630229999813,True,,MI-FGSM,0.043137254901960784,11,True,False,11,336181.0,1.7929653333333333,1740.2042983512022,4.018829680392042,15325,0.2452,0.048256,0.23742933333333333,"[1.81272, 1.780176, 1.786]",0.6865144073963165,-0.1828802935779095,0.4812138676643371,0.21852356195449824
Meryl_Streep,mi_fgsm,none,data/datasets/lfw/images/Meryl_Streep/Meryl_Streep_0001.jpg,data/datasets/lfw/images/Meryl_Streep/Meryl_Streep_0002.jpg,results/transfer/lfw_attack_dev_20_baseline_v2/mi_fgsm/adversarial_probes/Meryl_Streep_B_adv_mi_fgsm.png,0.04,200,0.0,0.039999991772221584,0.043137254901960784,0.6620084047317505,-0.020581012591719627,0.6825894173234701,True,0.7972723245620728,0.5603904724121094,0.23688185214996338,False,0.944551944732666,0.06786128878593445,0.04317176342010498,,21.713321482000538,True,,MI-FGSM,0.043137254901960784,11,True,False,11,406378.0,2.167349333333333,1904.1365497253605,4.3974149982309685,18473,0.295568,0.050448,0.2870026666666667,"[2.172688, 2.152128, 2.177232]",0.5212874710559845,-0.16130194626748565,0.3924832344055175,0.15560138225555414
Jolanta_Kwasniewski,mi_fgsm,none,data/datasets/lfw/images/Jolanta_Kwasniewski/Jolanta_Kwasniewski_0001.jpg,data/datasets/lfw/images/Jolanta_Kwasniewski/Jolanta_Kwasniewski_0002.jpg,results/transfer/lfw_attack_dev_20_baseline_v2/mi_fgsm/adversarial_probes/Jolanta_Kwasniewski_B_adv_mi_fgsm.png,0.04,200,0.0,0.039999991772221584,0.043137254901960784,0.5968929529190063,0.0901716947555542,0.5067212581634521,True,0.5368826389312744,0.5133001804351807,0.02358245849609375,False,0.9319155216217041,0.10258512198925018,0.06687575578689575,,21.54706512499979,True,,MI-FGSM,0.043137254901960784,11,True,False,11,395149.0,2.107461333333333,1869.8847558071593,4.318313868475364,18444,0.295104,0.050501333333333336,0.285824,"[2.14512, 2.093824, 2.08344]",0.45617201924324036,-0.05054923892021182,0.13209354877471918,0.10851109027862543
Dino_de_Laurentis,mi_fgsm,none,data/datasets/lfw/images/Dino_de_Laurentis/Dino_de_Laurentis_0001.jpg,data/datasets/lfw/images/Dino_de_Laurentis/Dino_de_Laurentis_0002.jpg,results/transfer/lfw_attack_dev_20_baseline_v2/mi_fgsm/adversarial_probes/Dino_de_Laurentis_B_adv_mi_fgsm.png,0.04,200,0.0,0.039999991772221584,0.043137254901960784,0.7374234795570374,-0.09857303649187088,0.8359965160489082,True,0.8684400320053101,0.7604508996009827,0.10798913240432739,False,0.9107816219329834,0.13605034351348877,0.1063847541809082,,20.752310281000064,True,,MI-FGSM,0.043137254901960784,11,True,False,11,465354.0,2.481888,2037.6594416143244,4.705772908531251,21508,0.344128,0.062992,0.3337333333333333,"[2.504448, 2.445648, 2.495568]",0.5967025458812714,-0.2392939701676369,0.4636509418487548,0.35566180944442743
Cyndi_Thompson,mi_fgsm,none,data/datasets/lfw/images/Cyndi_Thompson/Cyndi_Thompson_0001.jpg,data/datasets/lfw/images/Cyndi_Thompson/Cyndi_Thompson_0002.jpg,results/transfer/lfw_attack_dev_20_baseline_v2/mi_fgsm/adversarial_probes/Cyndi_Thompson_B_adv_mi_fgsm.png,0.04,200,0.0,0.039999991772221584,0.043137254901960784,0.7405924797058105,-0.18176425993442535,0.9223567396402359,True,0.8153476119041443,0.36572667956352234,0.44962093234062195,True,0.9227007031440735,0.07979937642812729,0.08140265941619873,,28.52086410099946,True,,MI-FGSM,0.043137254901960784,11,True,True,11,439883.0,2.3460426666666665,1963.9742870007235,4.535604333125484,21029,0.336464,0.055408,0.32500266666666666,"[2.384832, 2.33112, 2.322176]",0.5998715460300446,-0.32248519361019135,0.41055852174758906,-0.03906241059303289
Jerry_Springer,mi_fgsm,none,data/datasets/lfw/images/Jerry_Springer/Jerry_Springer_0001.jpg,data/datasets/lfw/images/Jerry_Springer/Jerry_Springer_0002.jpg,results/transfer/lfw_attack_dev_20_baseline_v2/mi_fgsm/adversarial_probes/Jerry_Springer_B_adv_mi_fgsm.png,0.04,200,0.0,0.039999991772221584,0.043137254901960784,0.6389724016189575,-0.20561715960502625,0.8445895612239838,True,0.7505053281784058,0.3449329435825348,0.40557238459587097,True,0.9502390027046204,0.07697173953056335,0.08791452646255493,,29.236238885000603,True,,MI-FGSM,0.043137254901960784,11,True,True,11,331881.0,1.770032,1713.9722868237982,3.958249444725113,15424,0.246784,0.043328,0.23938666666666666,"[1.790176, 1.745376, 1.774544]",0.49825146794319153,-0.34633809328079224,0.34571623802185053,-0.05985614657402044
Richard_Myers,mi_fgsm,none,data/datasets/lfw/images/Richard_Myers/Richard_Myers_0001.jpg,data/datasets/lfw/images/Richard_Myers/Richard_Myers_0002.jpg,results/transfer/lfw_attack_dev_20_baseline_v2/mi_fgsm/adversarial_probes/Richard_Myers_B_adv_mi_fgsm.png,0.04,200,0.0,0.039999991772221584,0.043137254901960784,0.7263901829719543,-0.02184182219207287,0.7482320051640272,True,0.18642199039459229,0.10416948795318604,0.08225250244140625,False,0.9324224591255188,0.10492943227291107,0.08224833011627197,,29.120039512000403,True,,MI-FGSM,0.043137254901960784,11,True,False,11,448054.0,2.3896213333333334,2001.542405246514,4.622364185854103,21038,0.336608,0.062496,0.32227733333333336,"[2.406112, 2.377296, 2.385456]",0.5856692492961884,-0.1625627558678389,-0.21836709976196295,-0.3006196022033692
Michel_Temer,mi_fgsm,none,data/datasets/lfw/images/Michel_Temer/Michel_Temer_0001.jpg,data/datasets/lfw/images/Michel_Temer/Michel_Temer_0002.jpg,results/transfer/lfw_attack_dev_20_baseline_v2/mi_fgsm/adversarial_probes/Michel_Temer_B_adv_mi_fgsm.png,0.04,200,0.0,0.039999991772221584,0.043137254901960784,0.7098482847213745,-0.19893380999565125,0.9087820947170258,True,0.8404980301856995,0.3598613440990448,0.48063668608665466,True,0.9449253678321838,0.0722532868385315,0.06562882661819458,,28.811006859999907,True,,MI-FGSM,0.043137254901960784,11,True,True,11,400761.0,2.137392,1909.6499679260594,4.410147692160283,17858,0.285728,0.05976533333333333,0.277632,"[2.152816, 2.127936, 2.131424]",0.5691273510456085,-0.33965474367141724,0.43570894002914423,-0.04492774605751043
Christine_Baumgartner,mi_fgsm,none,data/datasets/lfw/images/Christine_Baumgartner/Christine_Baumgartner_0001.jpg,data/datasets/lfw/images/Christine_Baumgartner/Christine_Baumgartner_0002.jpg,results/transfer/lfw_attack_dev_20_baseline_v2/mi_fgsm/adversarial_probes/Christine_Baumgartner_B_adv_mi_fgsm.png,0.04,200,0.0,0.039999991772221584,0.043137254901960784,0.554856538772583,-0.0954948216676712,0.6503513604402542,True,0.5797066688537598,0.25372207164764404,0.3259845972061157,True,0.9334565997123718,0.10885117202997208,0.07771158218383789,,29.976307423000435,True,,MI-FGSM,0.043137254901960784,11,True,True,11,444775.0,2.372133333333333,1982.2262736630246,4.577755490776384,20674,0.330784,0.054421333333333335,0.32102933333333333,"[2.392112, 2.385424, 2.338864]",0.414135605096817,-0.23621575534343722,0.17491757869720453,-0.1510670185089112
Angela_Lansbury,mi_fgsm,none,data/datasets/lfw/images/Angela_Lansbury/Angela_Lansbury_0001.jpg,data/datasets/lfw/images/Angela_Lansbury/Angela_Lansbury_0002.jpg,results/transfer/lfw_attack_dev_20_baseline_v2/mi_fgsm/adversarial_probes/Angela_Lansbury_B_adv_mi_fgsm.png,0.04,200,0.0,0.039999991772221584,0.043137254901960784,0.626961350440979,0.0022406987845897675,0.6247206516563892,True,0.793472409248352,0.6871844530105591,0.10628795623779297,False,0.9451372027397156,0.054469719529151917,0.06475615501403809,,31.47696667299988,True,,MI-FGSM,0.043137254901960784,11,True,False,11,393245.0,2.097306666666667,1861.228895112044,4.298324014465793,18370,0.29392,0.045872,0.28462933333333335,"[2.118688, 2.071744, 2.101488]",0.486240416765213,-0.13848023489117625,0.3886833190917968,0.28239536285400385
Justin_Timberlake,mi_fgsm,none,data/datasets/lfw/images/Justin_Timberlake/Justin_Timberlake_0001.jpg,data/datasets/lfw/images/Justin_Timberlake/Justin_Timberlake_0002.jpg,results/transfer/lfw_attack_dev_20_baseline_v2/mi_fgsm/adversarial_probes/Justin_Timberlake_B_adv_mi_fgsm.png,0.04,200,0.0,0.039999991772221584,0.043137254901960784,0.6276103854179382,-0.1320568472146988,0.759667232632637,True,0.6584891080856323,0.26547369360923767,0.39301541447639465,True,0.9324987530708313,0.0611361600458622,0.04155689477920532,,29.08685702599996,True,,MI-FGSM,0.043137254901960784,11,True,True,11,435885.0,2.32472,1990.9588142400135,4.59792242938772,19499,0.311984,0.064464,0.302848,"[2.385408, 2.308368, 2.280384]",0.48688945174217224,-0.2727777808904648,0.2537000179290771,-0.13931539654731756
Pierre_Pettigrew,mi_fgsm,none,data/datasets/lfw/images/Pierre_Pettigrew/Pierre_Pettigrew_0001.jpg,data/datasets/lfw/images/Pierre_Pettigrew/Pierre_Pettigrew_0002.jpg,results/transfer/lfw_attack_dev_20_baseline_v2/mi_fgsm/adversarial_probes/Pierre_Pettigrew_B_adv_mi_fgsm.png,0.04,200,0.0,0.039999991772221584,0.043137254901960784,0.749657154083252,0.15561223030090332,0.5940449237823486,False,0.7142001986503601,0.5670193433761597,0.14718085527420044,False,0.9469199776649475,0.04411548003554344,0.03847146034240723,,28.926889610000217,True,,MI-FGSM,0.043137254901960784,11,False,False,11,395504.0,2.1093546666666665,1884.2855409942517,4.351571057292603,17749,0.283984,0.05083733333333333,0.276608,"[2.136144, 2.086672, 2.105248]",0.608936220407486,0.014891296625137301,0.3094111084938049,0.16223025321960444
Maria_Shriver,mi_fgsm,none,data/datasets/lfw/images/Maria_Shriver/Maria_Shriver_0001.jpg,data/datasets/lfw/images/Maria_Shriver/Maria_Shriver_0002.jpg,results/transfer/lfw_attack_dev_20_baseline_v2/mi_fgsm/adversarial_probes/Maria_Shriver_B_adv_mi_fgsm.png,0.04,200,0.0,0.039999991772221584,0.043137254901960784,0.5385941863059998,-0.03209832310676575,0.5706925094127655,True,0.7045392394065857,0.33926963806152344,0.36526960134506226,True,0.9411547780036926,0.07745011895895004,0.0498393177986145,,28.277102783000373,True,,MI-FGSM,0.043137254901960784,11,True,True,11,411447.0,2.194384,1916.9713091228048,4.427055605403362,18917,0.302672,0.055370666666666665,0.292832,"[2.234848, 2.194304, 2.154]",0.39787325263023376,-0.17281925678253177,0.29975014925003046,-0.0655194520950318
Jorge_Rodolfo_Canicoba_Corral,mi_fgsm,none,data/datasets/lfw/images/Jorge_Rodolfo_Canicoba_Corral/Jorge_Rodolfo_Canicoba_Corral_0001.jpg,data/datasets/lfw/images/Jorge_Rodolfo_Canicoba_Corral/Jorge_Rodolfo_Canicoba_Corral_0002.jpg,results/transfer/lfw_attack_dev_20_baseline_v2/mi_fgsm/adversarial_probes/Jorge_Rodolfo_Canicoba_Corral_B_adv_mi_fgsm.png,0.04,200,0.0,0.039999991772221584,0.043137254901960784,0.7425543665885925,0.06413456052541733,0.6784198060631752,True,0.8170635104179382,0.5936072468757629,0.2234562635421753,False,0.9379318356513977,0.05356961116194725,0.03963583707809448,,27.93328201999975,True,,MI-FGSM,0.043137254901960784,11,True,False,11,378990.0,2.02128,1844.2320895158505,4.259071573320489,17096,0.273536,0.04751466666666666,0.26542933333333335,"[2.07832, 2.011472, 1.974048]",0.6018334329128265,-0.07658637315034869,0.412274420261383,0.1888181567192077
Sally_Kirkland,mi_fgsm,none,data/datasets/lfw/images/Sally_Kirkland/Sally_Kirkland_0001.jpg,data/datasets/lfw/images/Sally_Kirkland/Sally_Kirkland_0002.jpg,results/transfer/lfw_attack_dev_20_baseline_v2/mi_fgsm/adversarial_probes/Sally_Kirkland_B_adv_mi_fgsm.png,0.04,200,0.0,0.039999991772221584,0.043137254901960784,0.597821056842804,6.927270442247391e-05,0.5977517841383815,True,0.7478806972503662,0.22275367379188538,0.5251270234584808,True,0.943165123462677,0.09308210760354996,0.05112975835800171,,27.95935225299945,True,,MI-FGSM,0.043137254901960784,11,True,True,11,338277.0,1.804144,1728.4145914681465,3.991602518621646,15859,0.253744,0.041616,0.24456,"[1.844496, 1.797152, 1.770784]",0.45710012316703796,-0.14065166097134355,0.343091607093811,-0.18203541636466986
Patrick_McEnroe,mi_fgsm,none,data/datasets/lfw/images/Patrick_McEnroe/Patrick_McEnroe_0001.jpg,data/datasets/lfw/images/Patrick_McEnroe/Patrick_McEnroe_0002.jpg,results/transfer/lfw_attack_dev_20_baseline_v2/mi_fgsm/adversarial_probes/Patrick_McEnroe_B_adv_mi_fgsm.png,0.04,200,0.0,0.039999991772221584,0.043137254901960784,0.562200129032135,-0.08099858462810516,0.6431987136602402,True,0.5260361433029175,0.1827455759048462,0.3432905673980713,True,0.9225987792015076,0.0752447322010994,0.06591874361038208,,28.27950698099994,True,,MI-FGSM,0.043137254901960784,11,True,True,11,452534.0,2.4135146666666665,2001.2141314711926,4.621606070043905,21036,0.336576,0.05877866666666667,0.3264586666666667,"[2.402832, 2.416336, 2.421376]",0.421479195356369,-0.22171951830387118,0.12124705314636225,-0.22204351425170904
Paul_Bremer,mi_fgsm,none,data/datasets/lfw/images/Paul_Bremer/Paul_Bremer_0001.jpg,data/datasets/lfw/images/Paul_Bremer/Paul_Bremer_0002.jpg,results/transfer/lfw_attack_dev_20_baseline_v2/mi_fgsm/adversarial_probes/Paul_Bremer_B_adv_mi_fgsm.png,0.04,200,0.0,0.039999991772221584,0.043137254901960784,0.7115238308906555,0.19177821278572083,0.5197456181049347,False,0.7105745673179626,0.514029324054718,0.19654524326324463,False,0.9187097549438477,0.10648386180400848,0.08876627683639526,,28.240214536000167,True,,MI-FGSM,0.043137254901960784,11,False,False,11,459418.0,2.450229333333333,2007.080964983725,4.63515494167491,21595,0.34552,0.052330666666666664,0.3346186666666667,"[2.474208, 2.412096, 2.464384]",0.5708028972148895,0.051057279109954806,0.3057854771614074,0.10924023389816279
Junichiro_Koizumi,mi_fgsm,none,data/datasets/lfw/images/Junichiro_Koizumi/Junichiro_Koizumi_0001.jpg,data/datasets/lfw/images/Junichiro_Koizumi/Junichiro_Koizumi_0002.jpg,results/transfer/lfw_attack_dev_20_baseline_v2/mi_fgsm/adversarial_probes/Junichiro_Koizumi_B_adv_mi_fgsm.png,0.04,200,0.0,0.039999991772221584,0.043137254901960784,0.7045557498931885,-0.049576666206121445,0.7541324160993099,True,0.8772518038749695,0.4724801480770111,0.4047716557979584,False,0.911917507648468,0.15035513043403625,0.10332691669464111,,28.555606869000258,True,,MI-FGSM,0.043137254901960784,11,True,False,11,428039.0,2.282874666666667,1938.663715036726,4.4771520709784545,19895,0.31832,0.048704,0.30917333333333336,"[2.313904, 2.262464, 2.272256]",0.5638348162174225,-0.19029759988188746,0.47246271371841425,0.06769105792045588
Jennifer_Rodriguez,mi_fgsm,none,data/datasets/lfw/images/Jennifer_Rodriguez/Jennifer_Rodriguez_0001.jpg,data/datasets/lfw/images/Jennifer_Rodriguez/Jennifer_Rodriguez_0002.jpg,results/transfer/lfw_attack_dev_20_baseline_v2/mi_fgsm/adversarial_probes/Jennifer_Rodriguez_B_adv_mi_fgsm.png,0.04,200,0.0,0.039999991772221584,0.043137254901960784,0.5400700569152832,0.12312975525856018,0.416940301656723,True,0.6401137113571167,0.5055503845214844,0.13456332683563232,False,0.9354409575462341,0.045456528663635254,0.06628406047821045,,28.950838670999474,True,,MI-FGSM,0.043137254901960784,11,True,False,11,365913.0,1.951536,1788.0472588832768,4.12931826496013,17201,0.275216,0.040778666666666664,0.2668,"[1.954928, 1.94712, 1.95256]",0.3993491232395172,-0.01759117841720584,0.23532462120056147,0.10076129436492914
Heizo_Takenaka,mi_fgsm,none,data/datasets/lfw/images/Heizo_Takenaka/Heizo_Takenaka_0001.jpg,data/datasets/lfw/images/Heizo_Takenaka/Heizo_Takenaka_0002.jpg,results/transfer/lfw_attack_dev_20_baseline_v2/mi_fgsm/adversarial_probes/Heizo_Takenaka_B_adv_mi_fgsm.png,0.04,200,0.0,0.039999991772221584,0.043137254901960784,0.7201915383338928,-0.014953949488699436,0.7351454878225923,True,0.9186526536941528,0.7110888361930847,0.20756381750106812,False,0.9350192546844482,0.061325475573539734,0.069252610206604,,24.623430089000067,True,,MI-FGSM,0.043137254901960784,11,True,False,11,389468.0,2.0771626666666667,1864.9991957102823,4.307031150727068,17997,0.287952,0.054165333333333336,0.27901333333333334,"[2.102496, 2.044704, 2.084288]",0.5794706046581268,-0.15567488316446546,0.5138635635375977,0.3062997460365295
Michelle_Collins,pgd_full,landmark_superpixel_mask,data/datasets/lfw/images/Michelle_Collins/Michelle_Collins_0001.jpg,data/datasets/lfw/images/Michelle_Collins/Michelle_Collins_0002.jpg,results/transfer/lfw_attack_dev_20_four_method_v3/pgd_landmark_superpixel_mask/adversarial_probes/Michelle_Collins_B_adv_pgd_mask.png,0.04,200,0.0,0.039999991772221584,0.043137254901960784,0.8272353410720825,-0.06417007744312286,0.8914054185152054,True,0.8860029578208923,0.6839303374290466,0.2020726203918457,False,0.9890331625938416,0.007716796826571226,0.010798931121826172,0.0,27.052603512000132,True,,PGD+Mask,0.043137254901960784,11,True,False,11,106577.0,0.5684106666666666,886.0795675333001,2.046313107355112,6665,0.10664,0.005066666666666666,0.10101866666666667,"[0.574592, 0.568096, 0.562544]",0.6865144073963165,-0.20489101111888888,0.4812138676643371,0.2791412472724914
Meryl_Streep,pgd_full,landmark_superpixel_mask,data/datasets/lfw/images/Meryl_Streep/Meryl_Streep_0001.jpg,data/datasets/lfw/images/Meryl_Streep/Meryl_Streep_0002.jpg,results/transfer/lfw_attack_dev_20_four_method_v3/pgd_landmark_superpixel_mask/adversarial_probes/Meryl_Streep_B_adv_pgd_mask.png,0.04,200,0.0,0.039999988032322305,0.043137254901960784,0.6620084047317505,0.12761609256267548,0.534392312169075,True,0.7972723245620728,0.6816092133522034,0.11566311120986938,False,0.9909998774528503,0.012157350778579712,0.005527913570404053,0.0,26.463627254999665,True,,PGD+Mask,0.043137254901960784,11,True,False,11,84310.0,0.44965333333333335,798.5712241246863,1.8442212448619064,5050,0.0808,0.004592,0.07680533333333334,"[0.462048, 0.45632, 0.430592]",0.5212874710559845,-0.013104841113090543,0.3924832344055175,0.27682012319564814
Jolanta_Kwasniewski,pgd_full,landmark_superpixel_mask,data/datasets/lfw/images/Jolanta_Kwasniewski/Jolanta_Kwasniewski_0001.jpg,data/datasets/lfw/images/Jolanta_Kwasniewski/Jolanta_Kwasniewski_0002.jpg,results/transfer/lfw_attack_dev_20_four_method_v3/pgd_landmark_superpixel_mask/adversarial_probes/Jolanta_Kwasniewski_B_adv_pgd_mask.png,0.04,200,0.0,0.039999991772221584,0.043137254901960784,0.5968929529190063,0.13717952370643616,0.4597134292125702,True,0.5368826389312744,0.5371330380439758,-0.000250399112701416,False,0.9872794151306152,0.0116208391264081,0.01832205057144165,0.0,26.178007456999694,True,,PGD+Mask,0.043137254901960784,11,True,False,11,116574.0,0.621728,939.9765954533124,2.1707829616676713,6923,0.110768,0.006581333333333333,0.10554133333333333,"[0.628704, 0.620192, 0.616288]",0.45617201924324036,-0.0035414099693298617,0.13209354877471918,0.1323439478874206
Dino_de_Laurentis,pgd_full,landmark_superpixel_mask,data/datasets/lfw/images/Dino_de_Laurentis/Dino_de_Laurentis_0001.jpg,data/datasets/lfw/images/Dino_de_Laurentis/Dino_de_Laurentis_0002.jpg,results/transfer/lfw_attack_dev_20_four_method_v3/pgd_landmark_superpixel_mask/adversarial_probes/Dino_de_Laurentis_B_adv_pgd_mask.png,0.04,200,0.0,0.039999988032322305,0.043137254901960784,0.7374234795570374,-0.057048920542001724,0.7944724000990391,True,0.8684400320053101,0.7830635905265808,0.08537644147872925,False,0.977942168712616,0.027286075055599213,0.04098927974700928,0.0,26.16898914000012,True,,PGD+Mask,0.043137254901960784,11,True,False,11,147135.0,0.78472,1033.0493695850164,2.3857253264643297,9323,0.149168,0.00656,0.14141333333333334,"[0.80072, 0.768496, 0.784944]",0.5967025458812714,-0.19776985421776774,0.4636509418487548,0.3782745003700256
Cyndi_Thompson,pgd_full,landmark_superpixel_mask,data/datasets/lfw/images/Cyndi_Thompson/Cyndi_Thompson_0001.jpg,data/datasets/lfw/images/Cyndi_Thompson/Cyndi_Thompson_0002.jpg,results/transfer/lfw_attack_dev_20_four_method_v3/pgd_landmark_superpixel_mask/adversarial_probes/Cyndi_Thompson_B_adv_pgd_mask.png,0.04,200,0.0,0.039999991772221584,0.043137254901960784,0.7405924797058105,-0.33908751606941223,1.0796799957752228,True,0.8153476119041443,0.4110643267631531,0.4042832851409912,False,0.9758827090263367,0.018712377175688744,0.027276575565338135,0.0,27.75900044899936,True,,PGD+Mask,0.043137254901960784,11,True,False,11,166105.0,0.8858933333333333,1062.1567680902851,2.452945983914036,11555,0.18488,0.005296,0.173712,"[0.912112, 0.8604, 0.885168]",0.5998715460300446,-0.4798084497451782,0.41055852174758906,0.006275236606597845
Jerry_Springer,pgd_full,landmark_superpixel_mask,data/datasets/lfw/images/Jerry_Springer/Jerry_Springer_0001.jpg,data/datasets/lfw/images/Jerry_Springer/Jerry_Springer_0002.jpg,results/transfer/lfw_attack_dev_20_four_method_v3/pgd_landmark_superpixel_mask/adversarial_probes/Jerry_Springer_B_adv_pgd_mask.png,0.04,200,0.0,0.039999988032322305,0.043137254901960784,0.6389724016189575,-0.25136953592300415,0.8903419375419617,True,0.7505053281784058,0.43035298585891724,0.3201523423194885,False,0.9860550761222839,0.015092778950929642,0.031658828258514404,0.0,25.999886884999796,True,,PGD+Mask,0.043137254901960784,11,True,False,11,109712.0,0.5851306666666667,891.8340652834472,2.059602550655506,6985,0.11176,0.004629333333333333,0.10570666666666667,"[0.603792, 0.56984, 0.58176]",0.49825146794319153,-0.39209046959877014,0.34571623802185053,0.025563895702362005
Richard_Myers,pgd_full,landmark_superpixel_mask,data/datasets/lfw/images/Richard_Myers/Richard_Myers_0001.jpg,data/datasets/lfw/images/Richard_Myers/Richard_Myers_0002.jpg,results/transfer/lfw_attack_dev_20_four_method_v3/pgd_landmark_superpixel_mask/adversarial_probes/Richard_Myers_B_adv_pgd_mask.png,0.04,200,0.0,0.039999991772221584,0.043137254901960784,0.7263901829719543,0.05832667276263237,0.668063510209322,True,0.18642199039459229,0.046843696385622025,0.13957829400897026,False,0.9835425019264221,0.017988812178373337,0.024791598320007324,0.0,26.198140676999174,True,,PGD+Mask,0.043137254901960784,11,True,False,11,143195.0,0.7637066666666666,1051.2454518332054,2.4277473784010835,8371,0.133936,0.008885333333333334,0.12688533333333332,"[0.80088, 0.760976, 0.729264]",0.5856692492961884,-0.08239426091313365,-0.21836709976196295,-0.3579453937709332
Michel_Temer,pgd_full,landmark_superpixel_mask,data/datasets/lfw/images/Michel_Temer/Michel_Temer_0001.jpg,data/datasets/lfw/images/Michel_Temer/Michel_Temer_0002.jpg,results/transfer/lfw_attack_dev_20_four_method_v3/pgd_landmark_superpixel_mask/adversarial_probes/Michel_Temer_B_adv_pgd_mask.png,0.04,200,0.0,0.039999988032322305,0.043137254901960784,0.7098482847213745,-0.006770629435777664,0.7166189141571522,True,0.8404980301856995,0.5622703433036804,0.27822768688201904,False,0.9889066815376282,0.016071857884526253,0.011379778385162354,0.0,25.132736101000773,True,,PGD+Mask,0.043137254901960784,11,True,False,11,105662.0,0.5635306666666666,870.0862026259238,2.0093780132170256,6765,0.10824,0.00368,0.10256,"[0.583424, 0.560928, 0.54624]",0.5691273510456085,-0.14749156311154368,0.43570894002914423,0.1574812531471252
Christine_Baumgartner,pgd_full,landmark_superpixel_mask,data/datasets/lfw/images/Christine_Baumgartner/Christine_Baumgartner_0001.jpg,data/datasets/lfw/images/Christine_Baumgartner/Christine_Baumgartner_0002.jpg,results/transfer/lfw_attack_dev_20_four_method_v3/pgd_landmark_superpixel_mask/adversarial_probes/Christine_Baumgartner_B_adv_pgd_mask.png,0.04,200,0.0,0.039999988032322305,0.043137254901960784,0.554856538772583,-0.0641561970114708,0.6190127357840538,True,0.5797066688537598,0.3488974869251251,0.23080918192863464,True,0.9849061369895935,0.021137379109859467,0.018947184085845947,0.0,29.268963047999932,True,,PGD+Mask,0.043137254901960784,11,True,True,11,121008.0,0.645376,929.2954320343988,2.146115871366999,7782,0.124512,0.004368,0.118016,"[0.668384, 0.637104, 0.63064]",0.414135605096817,-0.2048771306872368,0.17491757869720453,-0.05589160323143011
Angela_Lansbury,pgd_full,landmark_superpixel_mask,data/datasets/lfw/images/Angela_Lansbury/Angela_Lansbury_0001.jpg,data/datasets/lfw/images/Angela_Lansbury/Angela_Lansbury_0002.jpg,results/transfer/lfw_attack_dev_20_four_method_v3/pgd_landmark_superpixel_mask/adversarial_probes/Angela_Lansbury_B_adv_pgd_mask.png,0.04,200,0.0,0.039999988032322305,0.043137254901960784,0.626961350440979,-0.12243783473968506,0.7493991851806641,True,0.793472409248352,0.6728007197380066,0.12067168951034546,False,0.9812636971473694,0.011085502803325653,0.020786404609680176,0.0,28.279697592999582,True,,PGD+Mask,0.043137254901960784,11,True,False,11,143490.0,0.76528,989.6716627245625,2.2855488035334823,9836,0.157376,0.0035626666666666667,0.147888,"[0.78112, 0.759088, 0.755632]",0.486240416765213,-0.26315876841545105,0.3886833190917968,0.26801162958145136
Justin_Timberlake,pgd_full,landmark_superpixel_mask,data/datasets/lfw/images/Justin_Timberlake/Justin_Timberlake_0001.jpg,data/datasets/lfw/images/Justin_Timberlake/Justin_Timberlake_0002.jpg,results/transfer/lfw_attack_dev_20_four_method_v3/pgd_landmark_superpixel_mask/adversarial_probes/Justin_Timberlake_B_adv_pgd_mask.png,0.04,200,0.0,0.039999991772221584,0.043137254901960784,0.6276103854179382,0.16676147282123566,0.4608489125967026,False,0.6584891080856323,0.36446306109428406,0.29402604699134827,True,0.9908983111381531,0.004657838959246874,0.0040798187255859375,0.0,29.5775127729994,True,,PGD+Mask,0.043137254901960784,11,False,True,11,91911.0,0.490192,866.3861725581728,2.0008331597945226,4852,0.077632,0.007626666666666667,0.074576,"[0.493552, 0.498592, 0.478432]",0.48688945174217224,0.026040539145469638,0.2537000179290771,-0.040326029062271174
Pierre_Pettigrew,pgd_full,landmark_superpixel_mask,data/datasets/lfw/images/Pierre_Pettigrew/Pierre_Pettigrew_0001.jpg,data/datasets/lfw/images/Pierre_Pettigrew/Pierre_Pettigrew_0002.jpg,results/transfer/lfw_attack_dev_20_four_method_v3/pgd_landmark_superpixel_mask/adversarial_probes/Pierre_Pettigrew_B_adv_pgd_mask.png,0.04,200,0.0,0.039999988032322305,0.043137254901960784,0.749657154083252,0.25195643305778503,0.4977007210254669,False,0.7142001986503601,0.5551881194114685,0.1590120792388916,False,0.98744136095047,0.00673331692814827,0.00443345308303833,0.0,28.520841388000918,True,,PGD+Mask,0.043137254901960784,11,False,False,11,110492.0,0.5892906666666666,927.8922351221612,2.142875326906973,6254,0.100064,0.006810666666666666,0.09585066666666667,"[0.595328, 0.576592, 0.595952]",0.608936220407486,0.11123549938201902,0.3094111084938049,0.15039902925491327
Maria_Shriver,pgd_full,landmark_superpixel_mask,data/datasets/lfw/images/Maria_Shriver/Maria_Shriver_0001.jpg,data/datasets/lfw/images/Maria_Shriver/Maria_Shriver_0002.jpg,results/transfer/lfw_attack_dev_20_four_method_v3/pgd_landmark_superpixel_mask/adversarial_probes/Maria_Shriver_B_adv_pgd_mask.png,0.04,200,0.0,0.039999991772221584,0.043137254901960784,0.5385941863059998,0.05690555274486542,0.48168863356113434,True,0.7045392394065857,0.37840980291366577,0.3261294364929199,True,0.9872462749481201,0.013056015595793724,0.011627554893493652,0.0,26.3722055240014,True,,PGD+Mask,0.043137254901960784,11,True,True,11,106892.0,0.5700906666666666,878.9323068359702,2.0298072158048246,6764,0.108224,0.003968,0.102608,"[0.580864, 0.572272, 0.557136]",0.39787325263023376,-0.0838153809309006,0.29975014925003046,-0.02637928724288946
Jorge_Rodolfo_Canicoba_Corral,pgd_full,landmark_superpixel_mask,data/datasets/lfw/images/Jorge_Rodolfo_Canicoba_Corral/Jorge_Rodolfo_Canicoba_Corral_0001.jpg,data/datasets/lfw/images/Jorge_Rodolfo_Canicoba_Corral/Jorge_Rodolfo_Canicoba_Corral_0002.jpg,results/transfer/lfw_attack_dev_20_four_method_v3/pgd_landmark_superpixel_mask/adversarial_probes/Jorge_Rodolfo_Canicoba_Corral_B_adv_pgd_mask.png,0.04,200,0.0,0.039999991772221584,0.043137254901960784,0.7425543665885925,0.169138565659523,0.5734158009290695,False,0.8170635104179382,0.6583926677703857,0.1586708426475525,False,0.9852060675621033,0.008078042417764664,0.010446429252624512,0.0,25.895459989998926,True,,PGD+Mask,0.043137254901960784,11,False,False,11,121172.0,0.6462506666666666,961.8159907175592,2.2212188846066776,7016,0.112256,0.005952,0.107632,"[0.672224, 0.641376, 0.625152]",0.6018334329128265,0.02841763198375699,0.412274420261383,0.2536035776138305
Sally_Kirkland,pgd_full,landmark_superpixel_mask,data/datasets/lfw/images/Sally_Kirkland/Sally_Kirkland_0001.jpg,data/datasets/lfw/images/Sally_Kirkland/Sally_Kirkland_0002.jpg,results/transfer/lfw_attack_dev_20_four_method_v3/pgd_landmark_superpixel_mask/adversarial_probes/Sally_Kirkland_B_adv_pgd_mask.png,0.04,200,0.0,0.039999991772221584,0.043137254901960784,0.597821056842804,0.06294713914394379,0.5348739176988602,True,0.7478806972503662,0.48474571108818054,0.26313498616218567,False,0.9874655604362488,0.017957797273993492,0.012289643287658691,0.0,26.25406867700076,True,,PGD+Mask,0.043137254901960784,11,True,False,11,89532.0,0.477504,801.7194022848643,1.851491650894849,5818,0.093088,0.0035626666666666667,0.08770133333333334,"[0.485408, 0.476848, 0.470256]",0.45710012316703796,-0.07777379453182223,0.343091607093811,0.07995662093162531
Patrick_McEnroe,pgd_full,landmark_superpixel_mask,data/datasets/lfw/images/Patrick_McEnroe/Patrick_McEnroe_0001.jpg,data/datasets/lfw/images/Patrick_McEnroe/Patrick_McEnroe_0002.jpg,results/transfer/lfw_attack_dev_20_four_method_v3/pgd_landmark_superpixel_mask/adversarial_probes/Patrick_McEnroe_B_adv_pgd_mask.png,0.04,200,0.0,0.039999991772221584,0.043137254901960784,0.562200129032135,0.017062978819012642,0.5451371502131224,True,0.5260361433029175,0.2062864750623703,0.3197496682405472,True,0.9815221428871155,0.01369489822536707,0.013867974281311035,0.0,27.940501152999786,True,,PGD+Mask,0.043137254901960784,11,True,True,11,129766.0,0.6920853333333333,974.2925638636477,2.2500322960645107,8120,0.12992,0.005824,0.12318933333333333,"[0.695744, 0.697136, 0.683376]",0.421479195356369,-0.12365795485675338,0.12124705314636225,-0.19850261509418493
Paul_Bremer,pgd_full,landmark_superpixel_mask,data/datasets/lfw/images/Paul_Bremer/Paul_Bremer_0001.jpg,data/datasets/lfw/images/Paul_Bremer/Paul_Bremer_0002.jpg,results/transfer/lfw_attack_dev_20_four_method_v3/pgd_landmark_superpixel_mask/adversarial_probes/Paul_Bremer_B_adv_pgd_mask.png,0.04,200,0.0,0.039999991772221584,0.043137254901960784,0.7115238308906555,0.2225964367389679,0.4889273941516876,False,0.7105745673179626,0.5337051153182983,0.1768694519996643,False,0.9857754707336426,0.017332319170236588,0.01667255163192749,0.0,27.358114464999744,True,,PGD+Mask,0.043137254901960784,11,False,False,11,125986.0,0.6719253333333334,979.6295218091378,2.2623574724904403,7449,0.119184,0.0067413333333333336,0.11362133333333334,"[0.691664, 0.658064, 0.666048]",0.5708028972148895,0.08187550306320188,0.3057854771614074,0.1289160251617431
Junichiro_Koizumi,pgd_full,landmark_superpixel_mask,data/datasets/lfw/images/Junichiro_Koizumi/Junichiro_Koizumi_0001.jpg,data/datasets/lfw/images/Junichiro_Koizumi/Junichiro_Koizumi_0002.jpg,results/transfer/lfw_attack_dev_20_four_method_v3/pgd_landmark_superpixel_mask/adversarial_probes/Junichiro_Koizumi_B_adv_pgd_mask.png,0.04,200,0.0,0.039999988032322305,0.043137254901960784,0.7045557498931885,0.002901010448113084,0.7016547394450754,True,0.8772518038749695,0.48210281133651733,0.39514899253845215,False,0.9836869835853577,0.021280407905578613,0.028198659420013428,0.0,28.040485928000635,True,,PGD+Mask,0.043137254901960784,11,True,False,11,110435.0,0.5889866666666667,871.6885911838011,2.013078571077973,7464,0.119424,0.0028266666666666666,0.11297066666666666,"[0.62584, 0.57624, 0.56488]",0.5638348162174225,-0.13781992322765294,0.47246271371841425,0.0773137211799621
Jennifer_Rodriguez,pgd_full,landmark_superpixel_mask,data/datasets/lfw/images/Jennifer_Rodriguez/Jennifer_Rodriguez_0001.jpg,data/datasets/lfw/images/Jennifer_Rodriguez/Jennifer_Rodriguez_0002.jpg,results/transfer/lfw_attack_dev_20_four_method_v3/pgd_landmark_superpixel_mask/adversarial_probes/Jennifer_Rodriguez_B_adv_pgd_mask.png,0.04,200,0.0,0.039999991772221584,0.043137254901960784,0.5400700569152832,-0.02225811779499054,0.5623281747102737,True,0.6401137113571167,0.6105415225028992,0.02957218885421753,False,0.9847050309181213,0.005843516439199448,0.02439671754837036,0.0,25.554727321001337,True,,PGD+Mask,0.043137254901960784,11,True,False,11,132749.0,0.7079946666666667,940.7714919150134,2.172618696412235,9393,0.150288,0.0031466666666666665,0.14128533333333335,"[0.71544, 0.70288, 0.705664]",0.3993491232395172,-0.16297905147075656,0.23532462120056147,0.20575243234634394
Heizo_Takenaka,pgd_full,landmark_superpixel_mask,data/datasets/lfw/images/Heizo_Takenaka/Heizo_Takenaka_0001.jpg,data/datasets/lfw/images/Heizo_Takenaka/Heizo_Takenaka_0002.jpg,results/transfer/lfw_attack_dev_20_four_method_v3/pgd_landmark_superpixel_mask/adversarial_probes/Heizo_Takenaka_B_adv_pgd_mask.png,0.04,200,0.0,0.039999991772221584,0.043137254901960784,0.7201915383338928,0.012157061137259007,0.7080344771966338,True,0.9186526536941528,0.7516434788703918,0.167009174823761,False,0.9841346740722656,0.011562406085431576,0.018695294857025146,0.0,25.82584748299996,True,,PGD+Mask,0.043137254901960784,11,True,False,11,141893.0,0.7567626666666667,1026.0891774110084,2.3696514511632296,8804,0.140864,0.007162666666666667,0.13333333333333333,"[0.777248, 0.747648, 0.745392]",0.5794706046581268,-0.128563872538507,0.5138635635375977,0.3468543887138366
Michelle_Collins,mi_fgsm,landmark_superpixel_mask,data/datasets/lfw/images/Michelle_Collins/Michelle_Collins_0001.jpg,data/datasets/lfw/images/Michelle_Collins/Michelle_Collins_0002.jpg,results/transfer/lfw_attack_dev_20_four_method_v3/mi_fgsm_landmark_superpixel_mask/adversarial_probes/Michelle_Collins_B_adv_mi_fgsm_mask.png,0.04,200,0.0,0.039999991772221584,0.043137254901960784,0.8272353410720825,0.16773904860019684,0.6594962924718857,False,0.8860029578208923,0.7016016244888306,0.18440133333206177,False,0.9813084602355957,0.01688477396965027,0.01815849542617798,0.0,27.449833440001385,True,,MI-FGSM+Mask,0.043137254901960784,11,False,False,11,156143.0,0.8327626666666667,1205.8611031126263,2.7848169299494954,6671,0.106736,0.024981333333333335,0.10391466666666667,"[0.847024, 0.826528, 0.824736]",0.6865144073963165,0.02701811492443082,0.4812138676643371,0.29681253433227534
Meryl_Streep,mi_fgsm,landmark_superpixel_mask,data/datasets/lfw/images/Meryl_Streep/Meryl_Streep_0001.jpg,data/datasets/lfw/images/Meryl_Streep/Meryl_Streep_0002.jpg,results/transfer/lfw_attack_dev_20_four_method_v3/mi_fgsm_landmark_superpixel_mask/adversarial_probes/Meryl_Streep_B_adv_mi_fgsm_mask.png,0.04,200,0.0,0.039999991772221584,0.043137254901960784,0.6620084047317505,0.28225573897361755,0.37975266575813293,False,0.7972723245620728,0.6621728539466858,0.13509947061538696,False,0.9855101704597473,0.01763806864619255,0.006842851638793945,0.0,27.996513004000008,True,,MI-FGSM+Mask,0.043137254901960784,11,False,False,11,116558.0,0.6216426666666667,1035.507604993802,2.391402377964305,5053,0.080848,0.017578666666666666,0.07874666666666667,"[0.630736, 0.623392, 0.6108]",0.5212874710559845,0.14153480529785153,0.3924832344055175,0.25738376379013056
Jolanta_Kwasniewski,mi_fgsm,landmark_superpixel_mask,data/datasets/lfw/images/Jolanta_Kwasniewski/Jolanta_Kwasniewski_0001.jpg,data/datasets/lfw/images/Jolanta_Kwasniewski/Jolanta_Kwasniewski_0002.jpg,results/transfer/lfw_attack_dev_20_four_method_v3/mi_fgsm_landmark_superpixel_mask/adversarial_probes/Jolanta_Kwasniewski_B_adv_mi_fgsm_mask.png,0.04,200,0.0,0.039999991772221584,0.043137254901960784,0.5968929529190063,0.27792999148368835,0.318962961435318,False,0.5368826389312744,0.4967142343521118,0.0401684045791626,False,0.9796972274780273,0.027615375816822052,0.027667462825775146,0.0,28.645018479999635,True,,MI-FGSM+Mask,0.043137254901960784,11,False,False,11,159985.0,0.8532533333333333,1215.7183061877452,2.807581165345002,6931,0.110896,0.024826666666666667,0.107824,"[0.857584, 0.854496, 0.84768]",0.45617201924324036,0.13720905780792234,0.13209354877471918,0.09192514419555659
Dino_de_Laurentis,mi_fgsm,landmark_superpixel_mask,data/datasets/lfw/images/Dino_de_Laurentis/Dino_de_Laurentis_0001.jpg,data/datasets/lfw/images/Dino_de_Laurentis/Dino_de_Laurentis_0002.jpg,results/transfer/lfw_attack_dev_20_four_method_v3/mi_fgsm_landmark_superpixel_mask/adversarial_probes/Dino_de_Laurentis_B_adv_mi_fgsm_mask.png,0.04,200,0.0,0.039999988032322305,0.043137254901960784,0.7374234795570374,0.06467194110155106,0.6727515384554863,True,0.8684400320053101,0.782152533531189,0.0862874984741211,False,0.9624573588371277,0.043196238577365875,0.04535919427871704,0.0,31.97240094100016,True,,MI-FGSM+Mask,0.043137254901960784,11,True,False,11,216839.0,1.1564746666666668,1417.600437358849,3.273807976449851,9326,0.149216,0.034341333333333335,0.14549866666666667,"[1.172416, 1.140192, 1.156816]",0.5967025458812714,-0.07604899257421496,0.4636509418487548,0.37736344337463373
Cyndi_Thompson,mi_fgsm,landmark_superpixel_mask,data/datasets/lfw/images/Cyndi_Thompson/Cyndi_Thompson_0001.jpg,data/datasets/lfw/images/Cyndi_Thompson/Cyndi_Thompson_0002.jpg,results/transfer/lfw_attack_dev_20_four_method_v3/mi_fgsm_landmark_superpixel_mask/adversarial_probes/Cyndi_Thompson_B_adv_mi_fgsm_mask.png,0.04,200,0.0,0.039999991772221584,0.043137254901960784,0.7405924797058105,-0.05831606313586235,0.7989085428416729,True,0.8153476119041443,0.3441635072231293,0.471184104681015,True,0.9561778903007507,0.04218249022960663,0.040944576263427734,0.0,27.98380418799934,True,,MI-FGSM+Mask,0.043137254901960784,11,True,True,11,253412.0,1.3515306666666667,1509.9430452834968,3.4870640946217204,11560,0.18496,0.035088,0.17930133333333334,"[1.367072, 1.331952, 1.355568]",0.5998715460300446,-0.19903699681162837,0.41055852174758906,-0.06062558293342596
Jerry_Springer,mi_fgsm,landmark_superpixel_mask,data/datasets/lfw/images/Jerry_Springer/Jerry_Springer_0001.jpg,data/datasets/lfw/images/Jerry_Springer/Jerry_Springer_0002.jpg,results/transfer/lfw_attack_dev_20_four_method_v3/mi_fgsm_landmark_superpixel_mask/adversarial_probes/Jerry_Springer_B_adv_mi_fgsm_mask.png,0.04,200,0.0,0.039999991772221584,0.043137254901960784,0.6389724016189575,-0.08263576775789261,0.7216081693768501,True,0.7505053281784058,0.3097256124019623,0.4407797157764435,True,0.9753805994987488,0.024833882227540016,0.054480552673339844,0.0,30.305607483998756,True,,MI-FGSM+Mask,0.043137254901960784,11,True,True,11,163931.0,0.8742986666666667,1233.8861373724887,2.8495379742454157,6990,0.11184,0.025834666666666666,0.10913066666666667,"[0.886064, 0.858208, 0.878624]",0.49825146794319153,-0.22335670143365863,0.34571623802185053,-0.09506347775459295
Richard_Myers,mi_fgsm,landmark_superpixel_mask,data/datasets/lfw/images/Richard_Myers/Richard_Myers_0001.jpg,data/datasets/lfw/images/Richard_Myers/Richard_Myers_0002.jpg,results/transfer/lfw_attack_dev_20_four_method_v3/mi_fgsm_landmark_superpixel_mask/adversarial_probes/Richard_Myers_B_adv_mi_fgsm_mask.png,0.04,200,0.0,0.039999991772221584,0.043137254901960784,0.7263901829719543,0.15295007824897766,0.5734401047229767,False,0.18642199039459229,0.06396835297346115,0.12245363742113113,False,0.9745891690254211,0.030944285914301872,0.0336034893989563,0.0,32.987918910999724,True,,MI-FGSM+Mask,0.043137254901960784,11,False,False,11,197482.0,1.0532373333333334,1359.4520955149542,3.1395201331838383,8379,0.134064,0.032266666666666666,0.130112,"[1.09632, 1.037168, 1.026224]",0.5856692492961884,0.012229144573211642,-0.21836709976196295,-0.3408207371830941
Michel_Temer,mi_fgsm,landmark_superpixel_mask,data/datasets/lfw/images/Michel_Temer/Michel_Temer_0001.jpg,data/datasets/lfw/images/Michel_Temer/Michel_Temer_0002.jpg,results/transfer/lfw_attack_dev_20_four_method_v3/mi_fgsm_landmark_superpixel_mask/adversarial_probes/Michel_Temer_B_adv_mi_fgsm_mask.png,0.04,200,0.0,0.039999991772221584,0.043137254901960784,0.7098482847213745,0.14263640344142914,0.5672118812799454,False,0.8404980301856995,0.5328368544578552,0.30766117572784424,False,0.980098307132721,0.023436792194843292,0.01595616340637207,0.0,33.825650222999684,True,,MI-FGSM+Mask,0.043137254901960784,11,False,False,11,155464.0,0.8291413333333333,1195.974079986686,2.761983828096513,6767,0.108272,0.024224,0.10547733333333334,"[0.837744, 0.835936, 0.813744]",0.5691273510456085,0.0019154697656631192,0.43570894002914423,0.1280477643013
Christine_Baumgartner,mi_fgsm,landmark_superpixel_mask,data/datasets/lfw/images/Christine_Baumgartner/Christine_Baumgartner_0001.jpg,data/datasets/lfw/images/Christine_Baumgartner/Christine_Baumgartner_0002.jpg,results/transfer/lfw_attack_dev_20_four_method_v3/mi_fgsm_landmark_superpixel_mask/adversarial_probes/Christine_Baumgartner_B_adv_mi_fgsm_mask.png,0.04,200,0.0,0.039999991772221584,0.043137254901960784,0.554856538772583,0.028044356033205986,0.526812182739377,True,0.5797066688537598,0.34864628314971924,0.23106038570404053,True,0.9741799831390381,0.03455020859837532,0.024725675582885742,0.0,29.18654743099978,True,,MI-FGSM+Mask,0.043137254901960784,11,True,True,11,174319.0,0.9297013333333334,1257.0485273051315,2.9030292224961616,7784,0.124544,0.024138666666666666,0.12099733333333333,"[0.936032, 0.930336, 0.922736]",0.414135605096817,-0.11267657764256003,0.17491757869720453,-0.05614280700683599
Angela_Lansbury,mi_fgsm,landmark_superpixel_mask,data/datasets/lfw/images/Angela_Lansbury/Angela_Lansbury_0001.jpg,data/datasets/lfw/images/Angela_Lansbury/Angela_Lansbury_0002.jpg,results/transfer/lfw_attack_dev_20_four_method_v3/mi_fgsm_landmark_superpixel_mask/adversarial_probes/Angela_Lansbury_B_adv_mi_fgsm_mask.png,0.04,200,0.0,0.039999991772221584,0.043137254901960784,0.626961350440979,0.0794074535369873,0.5475538969039917,True,0.793472409248352,0.6907833814620972,0.10268902778625488,False,0.9665846824645996,0.024075886234641075,0.031629860401153564,0.0,31.444055297999512,True,,MI-FGSM+Mask,0.043137254901960784,11,True,False,11,214485.0,1.14392,1381.32726028266,3.1900386622526486,9844,0.157504,0.026805333333333334,0.15277866666666667,"[1.15192, 1.13264, 1.1472]",0.486240416765213,-0.061313480138778714,0.3886833190917968,0.28599429130554194
Justin_Timberlake,mi_fgsm,landmark_superpixel_mask,data/datasets/lfw/images/Justin_Timberlake/Justin_Timberlake_0001.jpg,data/datasets/lfw/images/Justin_Timberlake/Justin_Timberlake_0002.jpg,results/transfer/lfw_attack_dev_20_four_method_v3/mi_fgsm_landmark_superpixel_mask/adversarial_probes/Justin_Timberlake_B_adv_mi_fgsm_mask.png,0.04,200,0.0,0.039999991772221584,0.043137254901960784,0.6276103854179382,0.2281784564256668,0.3994319289922714,False,0.6584891080856323,0.36150288581848145,0.2969862222671509,True,0.9866748452186584,0.0070607587695121765,0.006146252155303955,0.0,38.0703782419987,True,,MI-FGSM+Mask,0.043137254901960784,11,False,True,11,120797.0,0.6442506666666666,1073.4686767670494,2.4790697179923495,4852,0.077632,0.020549333333333333,0.076048,"[0.646528, 0.650144, 0.63608]",0.48688945174217224,0.08745752274990079,0.2537000179290771,-0.043286204338073786
Pierre_Pettigrew,mi_fgsm,landmark_superpixel_mask,data/datasets/lfw/images/Pierre_Pettigrew/Pierre_Pettigrew_0001.jpg,data/datasets/lfw/images/Pierre_Pettigrew/Pierre_Pettigrew_0002.jpg,results/transfer/lfw_attack_dev_20_four_method_v3/mi_fgsm_landmark_superpixel_mask/adversarial_probes/Pierre_Pettigrew_B_adv_mi_fgsm_mask.png,0.04,200,0.0,0.039999991772221584,0.043137254901960784,0.749657154083252,0.38462650775909424,0.3650306463241577,False,0.7142001986503601,0.5513392686843872,0.1628609299659729,False,0.9807760119438171,0.01386627834290266,0.004594385623931885,0.0,34.9415877499996,True,,MI-FGSM+Mask,0.043137254901960784,11,False,False,11,149826.0,0.799072,1181.2654231797358,2.7280156402288704,6255,0.10008,0.022533333333333332,0.09796266666666667,"[0.8072, 0.782224, 0.807792]",0.608936220407486,0.24390557408332822,0.3094111084938049,0.14655017852783198
Maria_Shriver,mi_fgsm,landmark_superpixel_mask,data/datasets/lfw/images/Maria_Shriver/Maria_Shriver_0001.jpg,data/datasets/lfw/images/Maria_Shriver/Maria_Shriver_0002.jpg,results/transfer/lfw_attack_dev_20_four_method_v3/mi_fgsm_landmark_superpixel_mask/adversarial_probes/Maria_Shriver_B_adv_mi_fgsm_mask.png,0.04,200,0.0,0.039999991772221584,0.043137254901960784,0.5385941863059998,0.12338834255933762,0.41520584374666214,True,0.7045392394065857,0.45907995104789734,0.24545928835868835,False,0.977833092212677,0.023359892889857292,0.013697564601898193,0.0,31.9823739880012,True,,MI-FGSM+Mask,0.043137254901960784,11,True,False,11,156405.0,0.83416,1198.8181680304983,2.768551968087289,6769,0.108304,0.0228,0.105408,"[0.846656, 0.83512, 0.820704]",0.39787325263023376,-0.017332591116428403,0.29975014925003046,0.05429086089134211
Jorge_Rodolfo_Canicoba_Corral,mi_fgsm,landmark_superpixel_mask,data/datasets/lfw/images/Jorge_Rodolfo_Canicoba_Corral/Jorge_Rodolfo_Canicoba_Corral_0001.jpg,data/datasets/lfw/images/Jorge_Rodolfo_Canicoba_Corral/Jorge_Rodolfo_Canicoba_Corral_0002.jpg,results/transfer/lfw_attack_dev_20_four_method_v3/mi_fgsm_landmark_superpixel_mask/adversarial_probes/Jorge_Rodolfo_Canicoba_Corral_B_adv_mi_fgsm_mask.png,0.04,200,0.0,0.039999991772221584,0.043137254901960784,0.7425543665885925,0.3321223556995392,0.41043201088905334,False,0.8170635104179382,0.7024040818214417,0.11465942859649658,False,0.9767360091209412,0.011325884610414505,0.013197243213653564,0.0,30.212918756000363,True,,MI-FGSM+Mask,0.043137254901960784,11,False,False,11,168257.0,0.8973706666666666,1250.6874109864543,2.888338853620422,7017,0.112272,0.024037333333333334,0.109888,"[0.90832, 0.8996, 0.884192]",0.6018334329128265,0.19140142202377317,0.412274420261383,0.2976149916648864
Sally_Kirkland,mi_fgsm,landmark_superpixel_mask,data/datasets/lfw/images/Sally_Kirkland/Sally_Kirkland_0001.jpg,data/datasets/lfw/images/Sally_Kirkland/Sally_Kirkland_0002.jpg,results/transfer/lfw_attack_dev_20_four_method_v3/mi_fgsm_landmark_superpixel_mask/adversarial_probes/Sally_Kirkland_B_adv_mi_fgsm_mask.png,0.04,200,0.0,0.039999991772221584,0.043137254901960784,0.597821056842804,0.16901585459709167,0.4288052022457123,False,0.7478806972503662,0.35203537344932556,0.39584532380104065,True,0.9777946472167969,0.02789577655494213,0.017413556575775146,0.0,31.431063407999318,True,,MI-FGSM+Mask,0.043137254901960784,11,False,True,11,136837.0,0.7297973333333333,1126.1274350623023,2.600679911100172,5822,0.093152,0.020538666666666667,0.09092266666666667,"[0.745552, 0.729296, 0.714544]",0.45710012316703796,0.028294920921325656,0.343091607093811,-0.05275371670722967
Patrick_McEnroe,mi_fgsm,landmark_superpixel_mask,data/datasets/lfw/images/Patrick_McEnroe/Patrick_McEnroe_0001.jpg,data/datasets/lfw/images/Patrick_McEnroe/Patrick_McEnroe_0002.jpg,results/transfer/lfw_attack_dev_20_four_method_v3/mi_fgsm_landmark_superpixel_mask/adversarial_probes/Patrick_McEnroe_B_adv_mi_fgsm_mask.png,0.04,200,0.0,0.039999991772221584,0.043137254901960784,0.562200129032135,0.11340291053056717,0.44879721850156784,True,0.5260361433029175,0.21431533992290497,0.3117208033800125,True,0.9692811965942383,0.028673626482486725,0.020741760730743408,0.0,30.31277319399851,True,,MI-FGSM+Mask,0.043137254901960784,11,True,True,11,188710.0,1.0064533333333334,1320.267397158621,3.0490269486072656,8121,0.129936,0.029168,0.12677333333333332,"[1.012144, 1.011472, 0.995744]",0.421479195356369,-0.02731802314519885,0.12124705314636225,-0.19047375023365026
Paul_Bremer,mi_fgsm,landmark_superpixel_mask,data/datasets/lfw/images/Paul_Bremer/Paul_Bremer_0001.jpg,data/datasets/lfw/images/Paul_Bremer/Paul_Bremer_0002.jpg,results/transfer/lfw_attack_dev_20_four_method_v3/mi_fgsm_landmark_superpixel_mask/adversarial_probes/Paul_Bremer_B_adv_mi_fgsm_mask.png,0.04,200,0.0,0.039999991772221584,0.043137254901960784,0.7115238308906555,0.39114582538604736,0.32037800550460815,False,0.7105745673179626,0.6104355454444885,0.10013902187347412,False,0.9769905209541321,0.03258252143859863,0.02285158634185791,0.0,25.02017527099997,True,,MI-FGSM+Mask,0.043137254901960784,11,False,False,11,173598.0,0.925856,1265.4983208206954,2.9225431847393915,7448,0.119168,0.024629333333333333,0.116272,"[0.932496, 0.907456, 0.937616]",0.5708028972148895,0.25042489171028137,0.3057854771614074,0.2056464552879333
Junichiro_Koizumi,mi_fgsm,landmark_superpixel_mask,data/datasets/lfw/images/Junichiro_Koizumi/Junichiro_Koizumi_0001.jpg,data/datasets/lfw/images/Junichiro_Koizumi/Junichiro_Koizumi_0002.jpg,results/transfer/lfw_attack_dev_20_four_method_v3/mi_fgsm_landmark_superpixel_mask/adversarial_probes/Junichiro_Koizumi_B_adv_mi_fgsm_mask.png,0.04,200,0.0,0.039999991772221584,0.043137254901960784,0.7045557498931885,0.21950481832027435,0.4850509315729141,False,0.8772518038749695,0.487431138753891,0.3898206651210785,False,0.9701998829841614,0.0390838198363781,0.03226572275161743,0.0,24.9547147530011,True,,MI-FGSM+Mask,0.043137254901960784,11,False,False,11,166927.0,0.8902773333333334,1227.0374892398358,2.8337216988735268,7467,0.119472,0.021333333333333333,0.11604266666666667,"[0.90232, 0.886064, 0.882448]",0.5638348162174225,0.07878388464450833,0.47246271371841425,0.08264204859733576
Jennifer_Rodriguez,mi_fgsm,landmark_superpixel_mask,data/datasets/lfw/images/Jennifer_Rodriguez/Jennifer_Rodriguez_0001.jpg,data/datasets/lfw/images/Jennifer_Rodriguez/Jennifer_Rodriguez_0002.jpg,results/transfer/lfw_attack_dev_20_four_method_v3/mi_fgsm_landmark_superpixel_mask/adversarial_probes/Jennifer_Rodriguez_B_adv_mi_fgsm_mask.png,0.04,200,0.0,0.039999991772221584,0.043137254901960784,0.5400700569152832,0.18173544108867645,0.35833461582660675,False,0.6401137113571167,0.5306126475334167,0.10950106382369995,False,0.9712626338005066,0.013903901912271976,0.03856295347213745,0.0,24.926089614000375,True,,MI-FGSM+Mask,0.043137254901960784,11,False,False,11,202921.0,1.0822453333333333,1337.9973841528988,3.089972599662765,9397,0.150352,0.022912,0.14577066666666666,"[1.096, 1.075728, 1.075008]",0.3993491232395172,0.041014507412910434,0.23532462120056147,0.12582355737686152
Heizo_Takenaka,mi_fgsm,landmark_superpixel_mask,data/datasets/lfw/images/Heizo_Takenaka/Heizo_Takenaka_0001.jpg,data/datasets/lfw/images/Heizo_Takenaka/Heizo_Takenaka_0002.jpg,results/transfer/lfw_attack_dev_20_four_method_v3/mi_fgsm_landmark_superpixel_mask/adversarial_probes/Heizo_Takenaka_B_adv_mi_fgsm_mask.png,0.04,200,0.0,0.039999991772221584,0.043137254901960784,0.7201915383338928,0.15176597237586975,0.5684255659580231,False,0.9186526536941528,0.7278612852096558,0.19079136848449707,False,0.9733650088310242,0.021737944334745407,0.025517761707305908,0.0,24.539715119000903,True,,MI-FGSM+Mask,0.043137254901960784,11,False,False,11,201647.0,1.0754506666666668,1363.2978397987727,3.148401499173827,8807,0.140912,0.031141333333333333,0.13729066666666667,"[1.096016, 1.068128, 1.062208]",0.5794706046581268,0.011045038700103732,0.5138635635375977,0.32307219505310053
